"co_anomes","co_uf","sg_uf","no_uf","co_regiao_brasil","no_regiao_brasil","sg_regiao_brasil","vl_indicador_calculado_uf","vl_indicador_calculado_reg","vl_indicador_calculado_br","dt_competencia","dt_atualizacao","ds_unidade_medida","sg_granularidade","ds_granularidade","sg_categoria","ds_categoria"
201612,14.0,"RR","Roraima",1.0,"Norte","N ",14.26,22.15,10.51,"2016-12-01 12:00:00","2025-10-15 21:09:26","Percentual","CP","Capitais de UF e Distrito Federal","TC","Todas as categorias"
201612,25.0,"PB","Paraíba",2.0,"Nordeste","NE",18.33,21.09,10.51,"2016-12-01 12:00:00","2025-10-15 21:09:26","Percentual","CP","Capitais de UF e Distrito Federal","TC","Todas as categorias"
201612,35.0,"SP","São Paulo",3.0,"Sudeste","SE",1.02,3.58,10.51,"2016-12-01 12:00:00","2025-10-15 21:09:26","Percentual","CP","Capitais de UF e Distrito Federal","TC","Todas as categorias"
201712,53.0,"DF","Distrito Federal",5.0,"Centro-Oeste","CO",2.65,7.39,10.0,"2017-12-01 12:00:00","2025-10-15 21:09:26","Percentual","CP","Capitais de UF e Distrito Federal","TC","Todas as categorias"
201712,11.0,"RO","Rondônia",1.0,"Norte","N ",21.93,21.04,10.0,"2017-12-01 12:00:00","2025-10-15 21:09:26","Percentual","CP","Capitais de UF e Distrito Federal","TC","Todas as categorias"
201712,22.0,"PI","Piauí",2.0,"Nordeste","NE",31.43,19.84,10.0,"2017-12-01 12:00:00","2025-10-15 21:09:26","Percentual","CP","Capitais de UF e Distrito Federal","TC","Todas as categorias"
201812,50.0,"MS","Mato Grosso do Sul",5.0,"Centro-Oeste","CO",7.57,7.08,9.72,"2018-12-01 12:00:00","2025-10-15 21:09:26","Percentual","CP","Capitais de UF e Distrito Federal","TC","Todas as categorias"
201912,15.0,"PA","Pará",1.0,"Norte","N ",24.62,21.62,9.45,"2019-12-01 12:00:00","2025-10-15 21:09:26","Percentual","CP","Capitais de UF e Distrito Federal","TC","Todas as categorias"
201912,26.0,"PE","Pernambuco",2.0,"Nordeste","NE",15.63,18.48,9.45,"2019-12-01 12:00:00","2025-10-15 21:09:26","Percentual","CP","Capitais de UF e Distrito Federal","TC","Todas as categorias"
201912,41.0,"PR","Paraná",4.0,"Sul","S ",6.22,5.24,9.45,"2019-12-01 12:00:00","2025-10-15 21:09:26","Percentual","CP","Capitais de UF e Distrito Federal","TC","Todas as categorias"
201812,16.0,"AP","Amapá",1.0,"Norte","N ",6.23,21.59,9.72,"2018-12-01 12:00:00","2025-10-15 21:09:26","Percentual","CP","Capitais de UF e Distrito Federal","TC","Todas as categorias"
202012,32.0,"ES","Espírito Santo",3.0,"Sudeste","SE",0.0,0.0,0.0,"2020-12-01 12:00:00","2025-10-15 21:09:26","Percentual","CP","Capitais de UF e Distrito Federal","TC","Todas as categorias"
202012,52.0,"GO","Goiás",5.0,"Centro-Oeste","CO",0.0,0.0,0.0,"2020-12-01 12:00:00","2025-10-15 21:09:26","Percentual","CP","Capitais de UF e Distrito Federal","TC","Todas as categorias"
202112,17.0,"TO","Tocantins",1.0,"Norte","N ",0.0,0.0,0.0,"2021-12-01 12:00:00","2025-10-15 21:09:26","Percentual","CP","Capitais de UF e Distrito Federal","TC","Todas as categorias"
202112,43.0,"RS","Rio Grande do Sul",4.0,"Sul","S ",0.0,0.0,0.0,"2021-12-01 12:00:00","2025-10-15 21:09:26","Percentual","CP","Capitais de UF e Distrito Federal","TC","Todas as categorias"
202212,14.0,"RR","Roraima",1.0,"Norte","N ",9.84,18.87,8.42,"2022-12-01 12:00:00","2025-10-15 21:09:26","Percentual","CP","Capitais de UF e Distrito Federal","TC","Todas as categorias"
202212,25.0,"PB","Paraíba",2.0,"Nordeste","NE",18.4,16.4,8.42,"2022-12-01 12:00:00","2025-10-15 21:09:26","Percentual","CP","Capitais de UF e Distrito Federal","TC","Todas as categorias"
202212,35.0,"SP","São Paulo",3.0,"Sudeste","SE",0.91,2.82,8.42,"2022-12-01 12:00:00","2025-10-15 21:09:26","Percentual","CP","Capitais de UF e Distrito Federal","TC","Todas as categorias"
202312,11.0,"RO","Rondônia",1.0,"Norte","N ",18.77,17.96,8.04,"2023-12-01 12:00:00","2025-10-15 21:09:26","Percentual","CP","Capitais de UF e Distrito Federal","TC","Todas as categorias"
202312,22.0,"PI","Piauí",2.0,"Nordeste","NE",25.42,16.21,8.04,"2023-12-01 12:00:00","2025-10-15 21:09:26","Percentual","CP","Capitais de UF e Distrito Federal","TC","Todas as categorias"
202012,21.0,"MA","Maranhão",2.0,"Nordeste","NE",0.0,0.0,0.0,"2020-12-01 12:00:00","2025-10-15 21:09:26","Percentual","CP","Capitais de UF e Distrito Federal","TC","Todas as categorias"
202412,16.0,"AP","Amapá",1.0,"Norte","N ",7.34,17.06,7.44,"2024-12-01 12:00:00","2025-10-15 21:09:26","Percentual","CP","Capitais de UF e Distrito Federal","TC","Todas as categorias"
202412,27.0,"AL","Alagoas",2.0,"Nordeste","NE",10.72,15.02,7.44,"2024-12-01 12:00:00","2025-10-15 21:09:26","Percentual","CP","Capitais de UF e Distrito Federal","TC","Todas as categorias"
202412,42.0,"SC","Santa Catarina",4.0,"Sul","S ",2.82,3.91,7.44,"2024-12-01 12:00:00","2025-10-15 21:09:26","Percentual","CP","Capitais de UF e Distrito Federal","TC","Todas as categorias"
201812,nan,"None","None",nan,"None","None",nan,nan,11.18,"2018-12-01 12:00:00","2025-10-15 21:09:26","Percentual","CP","Capitais de UF e Distrito Federal","fx_etaria","Faixa etária"
201912,nan,"None","None",nan,"None","None",nan,nan,11.66,"2019-12-01 12:00:00","2025-10-15 21:09:26","Percentual","CP","Capitais de UF e Distrito Federal","fx_etaria","Faixa etária"
202212,nan,"None","None",nan,"None","None",nan,nan,7.57,"2022-12-01 12:00:00","2025-10-15 21:09:26","Percentual","CP","Capitais de UF e Distrito Federal","fx_etaria","Faixa etária"
202312,nan,"None","None",nan,"None","None",nan,nan,7.33,"2023-12-01 12:00:00","2025-10-15 21:09:26","Percentual","CP","Capitais de UF e Distrito Federal","fx_etaria","Faixa etária"
202412,nan,"None","None",nan,"None","None",nan,nan,6.82,"2024-12-01 12:00:00","2025-10-15 21:09:26","Percentual","CP","Capitais de UF e Distrito Federal","fx_etaria","Faixa etária"
201612,nan,"None","None",nan,"None","None",nan,nan,9.99,"2016-12-01 12:00:00","2025-10-15 21:09:26","Percentual","CP","Capitais de UF e Distrito Federal","fx_etaria","Faixa etária"
201712,nan,"None","None",nan,"None","None",nan,nan,10.48,"2017-12-01 12:00:00","2025-10-15 21:09:26","Percentual","CP","Capitais de UF e Distrito Federal","fx_etaria","Faixa etária"
201812,nan,"None","None",nan,"None","None",nan,nan,8.99,"2018-12-01 12:00:00","2025-10-15 21:09:26","Percentual","CP","Capitais de UF e Distrito Federal","fx_etaria","Faixa etária"
201912,nan,"None","None",nan,"None","None",nan,nan,6.42,"2019-12-01 12:00:00","2025-10-15 21:09:26","Percentual","CP","Capitais de UF e Distrito Federal","cor_raca","Raça/cor"
202212,nan,"None","None",nan,"None","None",nan,nan,23.87,"2022-12-01 12:00:00","2025-10-15 21:09:26","Percentual","CP","Capitais de UF e Distrito Federal","fx_rdpc","Renda per capta"
202312,nan,"None","None",nan,"None","None",nan,nan,4.91,"2023-12-01 12:00:00","2025-10-15 21:09:26","Percentual","CP","Capitais de UF e Distrito Federal","cor_raca","Raça/cor"
202412,nan,"None","None",nan,"None","None",nan,nan,0.64,"2024-12-01 12:00:00","2025-10-15 21:09:26","Percentual","CP","Capitais de UF e Distrito Federal","tipoarea","Tipo de área"
201612,nan,"None","None",nan,"None","None",nan,nan,21.97,"2016-12-01 12:00:00","2025-10-15 21:09:26","Percentual","CP","Capitais de UF e Distrito Federal","cor_raca","Raça/cor"
201612,17.0,"TO","Tocantins",1.0,"Norte","N ",14.11,22.15,10.51,"2016-12-01 12:00:00","2025-10-15 21:09:26","Percentual","CP","Capitais de UF e Distrito Federal","TC","Todas as categorias"
201812,32.0,"ES","Espírito Santo",3.0,"Sudeste","SE",8.77,3.34,9.72,"2018-12-01 12:00:00","2025-10-15 21:09:26","Percentual","CP","Capitais de UF e Distrito Federal","TC","Todas as categorias"
201612,43.0,"RS","Rio Grande do Sul",4.0,"Sul","S ",5.61,5.84,10.51,"2016-12-01 12:00:00","2025-10-15 21:09:26","Percentual","CP","Capitais de UF e Distrito Federal","TC","Todas as categorias"
201912,17.0,"TO","Tocantins",1.0,"Norte","N ",17.34,21.62,9.45,"2019-12-01 12:00:00","2025-10-15 21:09:26","Percentual","CP","Capitais de UF e Distrito Federal","TC","Todas as categorias"
201912,28.0,"SE","Sergipe",2.0,"Nordeste","NE",11.99,18.48,9.45,"2019-12-01 12:00:00","2025-10-15 21:09:26","Percentual","CP","Capitais de UF e Distrito Federal","TC","Todas as categorias"
201712,35.0,"SP","São Paulo",3.0,"Sudeste","SE",1.22,3.46,10.0,"2017-12-01 12:00:00","2025-10-15 21:09:26","Percentual","CP","Capitais de UF e Distrito Federal","TC","Todas as categorias"
202012,25.0,"PB","Paraíba",2.0,"Nordeste","NE",0.0,0.0,0.0,"2020-12-01 12:00:00","2025-10-15 21:09:26","Percentual","CP","Capitais de UF e Distrito Federal","TC","Todas as categorias"
202012,35.0,"SP","São Paulo",3.0,"Sudeste","SE",0.0,0.0,0.0,"2020-12-01 12:00:00","2025-10-15 21:09:26","Percentual","CP","Capitais de UF e Distrito Federal","TC","Todas as categorias"
202112,11.0,"RO","Rondônia",1.0,"Norte","N ",0.0,0.0,0.0,"2021-12-01 12:00:00","2025-10-15 21:09:26","Percentual","CP","Capitais de UF e Distrito Federal","TC","Todas as categorias"
201812,31.0,"MG","Minas Gerais",3.0,"Sudeste","SE",8.46,3.34,9.72,"2018-12-01 12:00:00","2025-10-15 21:09:26","Percentual","CP","Capitais de UF e Distrito Federal","TC","Todas as categorias"
201812,51.0,"MT","Mato Grosso",5.0,"Centro-Oeste","CO",13.39,7.08,9.72,"2018-12-01 12:00:00","2025-10-15 21:09:26","Percentual","CP","Capitais de UF e Distrito Federal","TC","Todas as categorias"
201912,16.0,"AP","Amapá",1.0,"Norte","N ",10.93,21.62,9.45,"2019-12-01 12:00:00","2025-10-15 21:09:26","Percentual","CP","Capitais de UF e Distrito Federal","TC","Todas as categorias"
202112,51.0,"MT","Mato Grosso",5.0,"Centro-Oeste","CO",0.0,0.0,0.0,"2021-12-01 12:00:00","2025-10-15 21:09:26","Percentual","CP","Capitais de UF e Distrito Federal","TC","Todas as categorias"
201912,42.0,"SC","Santa Catarina",4.0,"Sul","S ",4.51,5.24,9.45,"2019-12-01 12:00:00","2025-10-15 21:09:26","Percentual","CP","Capitais de UF e Distrito Federal","TC","Todas as categorias"
202212,42.0,"SC","Santa Catarina",4.0,"Sul","S ",4.16,5.08,8.42,"2022-12-01 12:00:00","2025-10-15 21:09:26","Percentual","CP","Capitais de UF e Distrito Federal","TC","Todas as categorias"
202012,53.0,"DF","Distrito Federal",5.0,"Centro-Oeste","CO",0.0,0.0,0.0,"2020-12-01 12:00:00","2025-10-15 21:09:26","Percentual","CP","Capitais de UF e Distrito Federal","TC","Todas as categorias"
202112,21.0,"MA","Maranhão",2.0,"Nordeste","NE",0.0,0.0,0.0,"2021-12-01 12:00:00","2025-10-15 21:09:26","Percentual","CP","Capitais de UF e Distrito Federal","TC","Todas as categorias"
202412,21.0,"MA","Maranhão",2.0,"Nordeste","NE",25.59,15.02,7.44,"2024-12-01 12:00:00","2025-10-15 21:09:26","Percentual","CP","Capitais de UF e Distrito Federal","TC","Todas as categorias"
202412,29.0,"BA","Bahia",2.0,"Nordeste","NE",14.41,15.02,7.44,"2024-12-01 12:00:00","2025-10-15 21:09:26","Percentual","CP","Capitais de UF e Distrito Federal","TC","Todas as categorias"
202412,50.0,"MS","Mato Grosso do Sul",5.0,"Centro-Oeste","CO",6.87,4.86,7.44,"2024-12-01 12:00:00","2025-10-15 21:09:26","Percentual","CP","Capitais de UF e Distrito Federal","TC","Todas as categorias"
202212,nan,"None","None",nan,"None","None",nan,nan,9.33,"2022-12-01 12:00:00","2025-10-15 21:09:26","Percentual","CP","Capitais de UF e Distrito Federal","fx_etaria","Faixa etária"
202312,nan,"None","None",nan,"None","None",nan,nan,9.4,"2023-12-01 12:00:00","2025-10-15 21:09:26","Percentual","CP","Capitais de UF e Distrito Federal","fx_etaria","Faixa etária"
202412,nan,"None","None",nan,"None","None",nan,nan,6.97,"2024-12-01 12:00:00","2025-10-15 21:09:26","Percentual","CP","Capitais de UF e Distrito Federal","fx_etaria","Faixa etária"
201612,nan,"None","None",nan,"None","None",nan,nan,9.25,"2016-12-01 12:00:00","2025-10-15 21:09:26","Percentual","CP","Capitais de UF e Distrito Federal","fx_etaria","Faixa etária"
201712,nan,"None","None",nan,"None","None",nan,nan,9.03,"2017-12-01 12:00:00","2025-10-15 21:09:26","Percentual","CP","Capitais de UF e Distrito Federal","fx_etaria","Faixa etária"
201812,nan,"None","None",nan,"None","None",nan,nan,9.29,"2018-12-01 12:00:00","2025-10-15 21:09:26","Percentual","CP","Capitais de UF e Distrito Federal","fx_etaria","Faixa etária"
201912,nan,"None","None",nan,"None","None",nan,nan,9.82,"2019-12-01 12:00:00","2025-10-15 21:09:26","Percentual","CP","Capitais de UF e Distrito Federal","fx_etaria","Faixa etária"
202212,nan,"None","None",nan,"None","None",nan,nan,8.41,"2022-12-01 12:00:00","2025-10-15 21:09:26","Percentual","CP","Capitais de UF e Distrito Federal","fx_etaria","Faixa etária"
202312,nan,"None","None",nan,"None","None",nan,nan,4.37,"2023-12-01 12:00:00","2025-10-15 21:09:26","Percentual","CP","Capitais de UF e Distrito Federal","cor_raca","Raça/cor"
202412,nan,"None","None",nan,"None","None",nan,nan,20.85,"2024-12-01 12:00:00","2025-10-15 21:09:26","Percentual","CP","Capitais de UF e Distrito Federal","fx_rdpc","Renda per capta"
201612,nan,"None","None",nan,"None","None",nan,nan,1.17,"2016-12-01 12:00:00","2025-10-15 21:09:26","Percentual","CP","Capitais de UF e Distrito Federal","tipoarea","Tipo de área"
201712,nan,"None","None",nan,"None","None",nan,nan,9.27,"2017-12-01 12:00:00","2025-10-15 21:09:26","Percentual","CP","Capitais de UF e Distrito Federal","sexo","Sexo"
201812,nan,"None","None",nan,"None","None",nan,nan,16.8,"2018-12-01 12:00:00","2025-10-15 21:09:26","Percentual","CP","Capitais de UF e Distrito Federal","cor_raca","Raça/cor"
201912,nan,"None","None",nan,"None","None",nan,nan,8.16,"2019-12-01 12:00:00","2025-10-15 21:09:26","Percentual","CP","Capitais de UF e Distrito Federal","fx_rdpc","Renda per capta"
202212,nan,"None","None",nan,"None","None",nan,nan,12.85,"2022-12-01 12:00:00","2025-10-15 21:09:26","Percentual","CP","Capitais de UF e Distrito Federal","fx_rdpc","Renda per capta"
202312,nan,"None","None",nan,"None","None",nan,nan,3.69,"2023-12-01 12:00:00","2025-10-15 21:09:26","Percentual","CP","Capitais de UF e Distrito Federal","fx_rdpc","Renda per capta"
202412,nan,"None","None",nan,"None","None",nan,nan,1.54,"2024-12-01 12:00:00","2025-10-15 21:09:26","Percentual","CP","Capitais de UF e Distrito Federal","fx_rdpc","Renda per capta"
201612,nan,"None","None",nan,"None","None",nan,nan,11.26,"2016-12-01 12:00:00","2025-10-15 21:09:26","Percentual","CP","Capitais de UF e Distrito Federal","sexo","Sexo"
201712,nan,"None","None",nan,"None","None",nan,nan,13.65,"2017-12-01 12:00:00","2025-10-15 21:09:26","Percentual","CP","Capitais de UF e Distrito Federal","cor_raca","Raça/cor"
201812,nan,"None","None",nan,"None","None",nan,nan,9.25,"2018-12-01 12:00:00","2025-10-15 21:09:26","Percentual","CP","Capitais de UF e Distrito Federal","cor_raca","Raça/cor"
201912,nan,"None","None",nan,"None","None",nan,nan,14.61,"2019-12-01 12:00:00","2025-10-15 21:09:26","Percentual","CP","Capitais de UF e Distrito Federal","tipoarea","Tipo de área"
202212,nan,"None","None",nan,"None","None",nan,nan,9.8,"2022-12-01 12:00:00","2025-10-15 21:09:26","Percentual","CP","Capitais de UF e Distrito Federal","tipoarea","Tipo de área"
202312,nan,"None","None",nan,"None","None",nan,nan,2.27,"2023-12-01 12:00:00","2025-10-15 21:09:26","Percentual","CP","Capitais de UF e Distrito Federal","tipoarea","Tipo de área"
202412,nan,"None","None",nan,"None","None",nan,nan,56.08,"2024-12-01 12:00:00","2025-10-15 21:09:26","Percentual","CP","Capitais de UF e Distrito Federal","sitdom","Situação do domicílio"
202212,41.0,"PR","Paraná",4.0,"Sul","S ",5.75,5.08,8.42,"2022-12-01 12:00:00","2025-10-15 21:09:26","Percentual","CP","Capitais de UF e Distrito Federal","TC","Todas as categorias"
202312,12.0,"AC","Acre",1.0,"Norte","N ",19.01,17.96,8.04,"2023-12-01 12:00:00","2025-10-15 21:09:26","Percentual","CP","Capitais de UF e Distrito Federal","TC","Todas as categorias"
202312,23.0,"CE","Ceará",2.0,"Nordeste","NE",13.07,16.21,8.04,"2023-12-01 12:00:00","2025-10-15 21:09:26","Percentual","CP","Capitais de UF e Distrito Federal","TC","Todas as categorias"
202312,32.0,"ES","Espírito Santo",3.0,"Sudeste","SE",5.8,2.63,8.04,"2023-12-01 12:00:00","2025-10-15 21:09:26","Percentual","CP","Capitais de UF e Distrito Federal","TC","Todas as categorias"
202312,52.0,"GO","Goiás",5.0,"Centro-Oeste","CO",4.52,5.41,8.04,"2023-12-01 12:00:00","2025-10-15 21:09:26","Percentual","CP","Capitais de UF e Distrito Federal","TC","Todas as categorias"
202412,17.0,"TO","Tocantins",1.0,"Norte","N ",10.38,17.06,7.44,"2024-12-01 12:00:00","2025-10-15 21:09:26","Percentual","CP","Capitais de UF e Distrito Federal","TC","Todas as categorias"
202412,28.0,"SE","Sergipe",2.0,"Nordeste","NE",6.07,15.02,7.44,"2024-12-01 12:00:00","2025-10-15 21:09:26","Percentual","CP","Capitais de UF e Distrito Federal","TC","Todas as categorias"
202412,43.0,"RS","Rio Grande do Sul",4.0,"Sul","S ",3.86,3.91,7.44,"2024-12-01 12:00:00","2025-10-15 21:09:26","Percentual","CP","Capitais de UF e Distrito Federal","TC","Todas as categorias"
201912,nan,"None","None",nan,"None","None",nan,nan,11.07,"2019-12-01 12:00:00","2025-10-15 21:09:26","Percentual","CP","Capitais de UF e Distrito Federal","fx_etaria","Faixa etária"
202212,nan,"None","None",nan,"None","None",nan,nan,10.12,"2022-12-01 12:00:00","2025-10-15 21:09:26","Percentual","CP","Capitais de UF e Distrito Federal","fx_etaria","Faixa etária"
202312,nan,"None","None",nan,"None","None",nan,nan,7.27,"2023-12-01 12:00:00","2025-10-15 21:09:26","Percentual","CP","Capitais de UF e Distrito Federal","fx_etaria","Faixa etária"
202412,nan,"None","None",nan,"None","None",nan,nan,6.57,"2024-12-01 12:00:00","2025-10-15 21:09:26","Percentual","CP","Capitais de UF e Distrito Federal","fx_etaria","Faixa etária"
201612,nan,"None","None",nan,"None","None",nan,nan,9.55,"2016-12-01 12:00:00","2025-10-15 21:09:26","Percentual","CP","Capitais de UF e Distrito Federal","fx_etaria","Faixa etária"
201712,nan,"None","None",nan,"None","None",nan,nan,9.32,"2017-12-01 12:00:00","2025-10-15 21:09:26","Percentual","CP","Capitais de UF e Distrito Federal","fx_etaria","Faixa etária"
201812,nan,"None","None",nan,"None","None",nan,nan,9.93,"2018-12-01 12:00:00","2025-10-15 21:09:26","Percentual","CP","Capitais de UF e Distrito Federal","fx_etaria","Faixa etária"
201912,nan,"None","None",nan,"None","None",nan,nan,9.11,"2019-12-01 12:00:00","2025-10-15 21:09:26","Percentual","CP","Capitais de UF e Distrito Federal","fx_etaria","Faixa etária"
202212,nan,"None","None",nan,"None","None",nan,nan,5.88,"2022-12-01 12:00:00","2025-10-15 21:09:26","Percentual","CP","Capitais de UF e Distrito Federal","cor_raca","Raça/cor"
202312,nan,"None","None",nan,"None","None",nan,nan,22.15,"2023-12-01 12:00:00","2025-10-15 21:09:26","Percentual","CP","Capitais de UF e Distrito Federal","fx_rdpc","Renda per capta"
202412,nan,"None","None",nan,"None","None",nan,nan,4.49,"2024-12-01 12:00:00","2025-10-15 21:09:26","Percentual","CP","Capitais de UF e Distrito Federal","cor_raca","Raça/cor"
201612,nan,"None","None",nan,"None","None",nan,nan,9.8,"2016-12-01 12:00:00","2025-10-15 21:09:26","Percentual","CP","Capitais de UF e Distrito Federal","sexo","Sexo"
201712,nan,"None","None",nan,"None","None",nan,nan,18.8,"2017-12-01 12:00:00","2025-10-15 21:09:26","Percentual","CP","Capitais de UF e Distrito Federal","cor_raca","Raça/cor"
201812,nan,"None","None",nan,"None","None",nan,nan,8.12,"2018-12-01 12:00:00","2025-10-15 21:09:26","Percentual","CP","Capitais de UF e Distrito Federal","fx_rdpc","Renda per capta"
201912,nan,"None","None",nan,"None","None",nan,nan,14.17,"2019-12-01 12:00:00","2025-10-15 21:09:26","Percentual","CP","Capitais de UF e Distrito Federal","fx_rdpc","Renda per capta"
202212,nan,"None","None",nan,"None","None",nan,nan,3.87,"2022-12-01 12:00:00","2025-10-15 21:09:26","Percentual","CP","Capitais de UF e Distrito Federal","fx_rdpc","Renda per capta"
202312,nan,"None","None",nan,"None","None",nan,nan,1.69,"2023-12-01 12:00:00","2025-10-15 21:09:26","Percentual","CP","Capitais de UF e Distrito Federal","fx_rdpc","Renda per capta"
202412,nan,"None","None",nan,"None","None",nan,nan,0.8,"2024-12-01 12:00:00","2025-10-15 21:09:26","Percentual","CP","Capitais de UF e Distrito Federal","fx_rdpc","Renda per capta"
201612,nan,"None","None",nan,"None","None",nan,nan,14.54,"2016-12-01 12:00:00","2025-10-15 21:09:26","Percentual","CP","Capitais de UF e Distrito Federal","cor_raca","Raça/cor"
201712,nan,"None","None",nan,"None","None",nan,nan,9.66,"2017-12-01 12:00:00","2025-10-15 21:09:26","Percentual","CP","Capitais de UF e Distrito Federal","cor_raca","Raça/cor"
201812,nan,"None","None",nan,"None","None",nan,nan,15.07,"2018-12-01 12:00:00","2025-10-15 21:09:26","Percentual","CP","Capitais de UF e Distrito Federal","tipoarea","Tipo de área"
201912,nan,"None","None",nan,"None","None",nan,nan,12.22,"2019-12-01 12:00:00","2025-10-15 21:09:26","Percentual","CP","Capitais de UF e Distrito Federal","tipoarea","Tipo de área"
202212,nan,"None","None",nan,"None","None",nan,nan,1.97,"2022-12-01 12:00:00","2025-10-15 21:09:26","Percentual","CP","Capitais de UF e Distrito Federal","tipoarea","Tipo de área"
202312,nan,"None","None",nan,"None","None",nan,nan,56.71,"2023-12-01 12:00:00","2025-10-15 21:09:26","Percentual","CP","Capitais de UF e Distrito Federal","sitdom","Situação do domicílio"
202412,nan,"None","None",nan,"None","None",nan,nan,0.74,"2024-12-01 12:00:00","2025-10-15 21:09:26","Percentual","CP","Capitais de UF e Distrito Federal","sitdom","Situação do domicílio"
201612,13.0,"AM","Amazonas",1.0,"Norte","N ",19.69,22.15,10.51,"2016-12-01 12:00:00","2025-10-15 21:09:26","Percentual","CP","Capitais de UF e Distrito Federal","TC","Todas as categorias"
201612,24.0,"RN","Rio Grande do Norte",2.0,"Nordeste","NE",11.88,21.09,10.51,"2016-12-01 12:00:00","2025-10-15 21:09:26","Percentual","CP","Capitais de UF e Distrito Federal","TC","Todas as categorias"
201612,33.0,"RJ","Rio de Janeiro",3.0,"Sudeste","SE",2.14,3.58,10.51,"2016-12-01 12:00:00","2025-10-15 21:09:26","Percentual","CP","Capitais de UF e Distrito Federal","TC","Todas as categorias"
201612,53.0,"DF","Distrito Federal",5.0,"Centro-Oeste","CO",2.93,7.16,10.51,"2016-12-01 12:00:00","2025-10-15 21:09:26","Percentual","CP","Capitais de UF e Distrito Federal","TC","Todas as categorias"
201712,21.0,"MA","Maranhão",2.0,"Nordeste","NE",32.92,19.84,10.0,"2017-12-01 12:00:00","2025-10-15 21:09:26","Percentual","CP","Capitais de UF e Distrito Federal","TC","Todas as categorias"
201712,29.0,"BA","Bahia",2.0,"Nordeste","NE",19.53,19.84,10.0,"2017-12-01 12:00:00","2025-10-15 21:09:26","Percentual","CP","Capitais de UF e Distrito Federal","TC","Todas as categorias"
201712,50.0,"MS","Mato Grosso do Sul",5.0,"Centro-Oeste","CO",8.37,7.39,10.0,"2017-12-01 12:00:00","2025-10-15 21:09:26","Percentual","CP","Capitais de UF e Distrito Federal","TC","Todas as categorias"
201812,15.0,"PA","Pará",1.0,"Norte","N ",25.67,21.59,9.72,"2018-12-01 12:00:00","2025-10-15 21:09:26","Percentual","CP","Capitais de UF e Distrito Federal","TC","Todas as categorias"
201812,26.0,"PE","Pernambuco",2.0,"Nordeste","NE",15.31,18.83,9.72,"2018-12-01 12:00:00","2025-10-15 21:09:26","Percentual","CP","Capitais de UF e Distrito Federal","TC","Todas as categorias"
201812,41.0,"PR","Paraná",4.0,"Sul","S ",7.0,5.7,9.72,"2018-12-01 12:00:00","2025-10-15 21:09:26","Percentual","CP","Capitais de UF e Distrito Federal","TC","Todas as categorias"
201912,12.0,"AC","Acre",1.0,"Norte","N ",24.42,21.62,9.45,"2019-12-01 12:00:00","2025-10-15 21:09:26","Percentual","CP","Capitais de UF e Distrito Federal","TC","Todas as categorias"
201912,23.0,"CE","Ceará",2.0,"Nordeste","NE",17.37,18.48,9.45,"2019-12-01 12:00:00","2025-10-15 21:09:26","Percentual","CP","Capitais de UF e Distrito Federal","TC","Todas as categorias"
201912,32.0,"ES","Espírito Santo",3.0,"Sudeste","SE",7.46,3.06,9.45,"2019-12-01 12:00:00","2025-10-15 21:09:26","Percentual","CP","Capitais de UF e Distrito Federal","TC","Todas as categorias"
201912,52.0,"GO","Goiás",5.0,"Centro-Oeste","CO",6.56,7.19,9.45,"2019-12-01 12:00:00","2025-10-15 21:09:26","Percentual","CP","Capitais de UF e Distrito Federal","TC","Todas as categorias"
202012,17.0,"TO","Tocantins",1.0,"Norte","N ",0.0,0.0,0.0,"2020-12-01 12:00:00","2025-10-15 21:09:26","Percentual","CP","Capitais de UF e Distrito Federal","TC","Todas as categorias"
202012,28.0,"SE","Sergipe",2.0,"Nordeste","NE",0.0,0.0,0.0,"2020-12-01 12:00:00","2025-10-15 21:09:26","Percentual","CP","Capitais de UF e Distrito Federal","TC","Todas as categorias"
202012,43.0,"RS","Rio Grande do Sul",4.0,"Sul","S ",0.0,0.0,0.0,"2020-12-01 12:00:00","2025-10-15 21:09:26","Percentual","CP","Capitais de UF e Distrito Federal","TC","Todas as categorias"
202112,14.0,"RR","Roraima",1.0,"Norte","N ",0.0,0.0,0.0,"2021-12-01 12:00:00","2025-10-15 21:09:26","Percentual","CP","Capitais de UF e Distrito Federal","TC","Todas as categorias"
202112,25.0,"PB","Paraíba",2.0,"Nordeste","NE",0.0,0.0,0.0,"2021-12-01 12:00:00","2025-10-15 21:09:26","Percentual","CP","Capitais de UF e Distrito Federal","TC","Todas as categorias"
202112,35.0,"SP","São Paulo",3.0,"Sudeste","SE",0.0,0.0,0.0,"2021-12-01 12:00:00","2025-10-15 21:09:26","Percentual","CP","Capitais de UF e Distrito Federal","TC","Todas as categorias"
202212,11.0,"RO","Rondônia",1.0,"Norte","N ",22.17,18.87,8.42,"2022-12-01 12:00:00","2025-10-15 21:09:26","Percentual","CP","Capitais de UF e Distrito Federal","TC","Todas as categorias"
202212,22.0,"PI","Piauí",2.0,"Nordeste","NE",27.15,16.4,8.42,"2022-12-01 12:00:00","2025-10-15 21:09:26","Percentual","CP","Capitais de UF e Distrito Federal","TC","Todas as categorias"
202212,31.0,"MG","Minas Gerais",3.0,"Sudeste","SE",7.99,2.82,8.42,"2022-12-01 12:00:00","2025-10-15 21:09:26","Percentual","CP","Capitais de UF e Distrito Federal","TC","Todas as categorias"
202212,51.0,"MT","Mato Grosso",5.0,"Centro-Oeste","CO",10.62,5.69,8.42,"2022-12-01 12:00:00","2025-10-15 21:09:26","Percentual","CP","Capitais de UF e Distrito Federal","TC","Todas as categorias"
202312,16.0,"AP","Amapá",1.0,"Norte","N ",5.72,17.96,8.04,"2023-12-01 12:00:00","2025-10-15 21:09:26","Percentual","CP","Capitais de UF e Distrito Federal","TC","Todas as categorias"
202312,27.0,"AL","Alagoas",2.0,"Nordeste","NE",11.19,16.21,8.04,"2023-12-01 12:00:00","2025-10-15 21:09:26","Percentual","CP","Capitais de UF e Distrito Federal","TC","Todas as categorias"
202312,42.0,"SC","Santa Catarina",4.0,"Sul","S ",3.42,4.12,8.04,"2023-12-01 12:00:00","2025-10-15 21:09:26","Percentual","CP","Capitais de UF e Distrito Federal","TC","Todas as categorias"
202412,13.0,"AM","Amazonas",1.0,"Norte","N ",13.62,17.06,7.44,"2024-12-01 12:00:00","2025-10-15 21:09:26","Percentual","CP","Capitais de UF e Distrito Federal","TC","Todas as categorias"
202412,24.0,"RN","Rio Grande do Norte",2.0,"Nordeste","NE",7.63,15.02,7.44,"2024-12-01 12:00:00","2025-10-15 21:09:26","Percentual","CP","Capitais de UF e Distrito Federal","TC","Todas as categorias"
202412,33.0,"RJ","Rio de Janeiro",3.0,"Sudeste","SE",1.08,2.31,7.44,"2024-12-01 12:00:00","2025-10-15 21:09:26","Percentual","CP","Capitais de UF e Distrito Federal","TC","Todas as categorias"
202412,53.0,"DF","Distrito Federal",5.0,"Centro-Oeste","CO",0.86,4.86,7.44,"2024-12-01 12:00:00","2025-10-15 21:09:26","Percentual","CP","Capitais de UF e Distrito Federal","TC","Todas as categorias"
201612,nan,"None","None",nan,"None","None",nan,nan,12.78,"2016-12-01 12:00:00","2025-10-15 21:09:26","Percentual","CP","Capitais de UF e Distrito Federal","fx_etaria","Faixa etária"
201712,nan,"None","None",nan,"None","None",nan,nan,9.2,"2017-12-01 12:00:00","2025-10-15 21:09:26","Percentual","CP","Capitais de UF e Distrito Federal","fx_etaria","Faixa etária"
201812,nan,"None","None",nan,"None","None",nan,nan,8.5,"2018-12-01 12:00:00","2025-10-15 21:09:26","Percentual","CP","Capitais de UF e Distrito Federal","fx_etaria","Faixa etária"
201912,nan,"None","None",nan,"None","None",nan,nan,8.35,"2019-12-01 12:00:00","2025-10-15 21:09:26","Percentual","CP","Capitais de UF e Distrito Federal","fx_etaria","Faixa etária"
202212,nan,"None","None",nan,"None","None",nan,nan,8.19,"2022-12-01 12:00:00","2025-10-15 21:09:26","Percentual","CP","Capitais de UF e Distrito Federal","fx_etaria","Faixa etária"
202312,nan,"None","None",nan,"None","None",nan,nan,7.88,"2023-12-01 12:00:00","2025-10-15 21:09:26","Percentual","CP","Capitais de UF e Distrito Federal","fx_etaria","Faixa etária"
202412,nan,"None","None",nan,"None","None",nan,nan,7.59,"2024-12-01 12:00:00","2025-10-15 21:09:26","Percentual","CP","Capitais de UF e Distrito Federal","fx_etaria","Faixa etária"
201612,nan,"None","None",nan,"None","None",nan,nan,3.61,"2016-12-01 12:00:00","2025-10-15 21:09:26","Percentual","CP","Capitais de UF e Distrito Federal","cor_raca","Raça/cor"
201712,nan,"None","None",nan,"None","None",nan,nan,28.55,"2017-12-01 12:00:00","2025-10-15 21:09:26","Percentual","CP","Capitais de UF e Distrito Federal","fx_rdpc","Renda per capta"
201812,nan,"None","None",nan,"None","None",nan,nan,6.03,"2018-12-01 12:00:00","2025-10-15 21:09:26","Percentual","CP","Capitais de UF e Distrito Federal","cor_raca","Raça/cor"
201912,nan,"None","None",nan,"None","None",nan,nan,1.13,"2019-12-01 12:00:00","2025-10-15 21:09:26","Percentual","CP","Capitais de UF e Distrito Federal","tipoarea","Tipo de área"
202212,nan,"None","None",nan,"None","None",nan,nan,7.74,"2022-12-01 12:00:00","2025-10-15 21:09:26","Percentual","CP","Capitais de UF e Distrito Federal","sexo","Sexo"
202312,nan,"None","None",nan,"None","None",nan,nan,16.93,"2023-12-01 12:00:00","2025-10-15 21:09:26","Percentual","CP","Capitais de UF e Distrito Federal","cor_raca","Raça/cor"
202412,nan,"None","None",nan,"None","None",nan,nan,7.65,"2024-12-01 12:00:00","2025-10-15 21:09:26","Percentual","CP","Capitais de UF e Distrito Federal","fx_rdpc","Renda per capta"
201612,nan,"None","None",nan,"None","None",nan,nan,3.95,"2016-12-01 12:00:00","2025-10-15 21:09:26","Percentual","CP","Capitais de UF e Distrito Federal","fx_rdpc","Renda per capta"
201712,nan,"None","None",nan,"None","None",nan,nan,1.86,"2017-12-01 12:00:00","2025-10-15 21:09:26","Percentual","CP","Capitais de UF e Distrito Federal","fx_rdpc","Renda per capta"
201812,nan,"None","None",nan,"None","None",nan,nan,0.84,"2018-12-01 12:00:00","2025-10-15 21:09:26","Percentual","CP","Capitais de UF e Distrito Federal","fx_rdpc","Renda per capta"
201912,nan,"None","None",nan,"None","None",nan,nan,10.19,"2019-12-01 12:00:00","2025-10-15 21:09:26","Percentual","CP","Capitais de UF e Distrito Federal","sexo","Sexo"
202212,nan,"None","None",nan,"None","None",nan,nan,11.61,"2022-12-01 12:00:00","2025-10-15 21:09:26","Percentual","CP","Capitais de UF e Distrito Federal","cor_raca","Raça/cor"
202312,nan,"None","None",nan,"None","None",nan,nan,7.91,"2023-12-01 12:00:00","2025-10-15 21:09:26","Percentual","CP","Capitais de UF e Distrito Federal","cor_raca","Raça/cor"
202412,nan,"None","None",nan,"None","None",nan,nan,11.6,"2024-12-01 12:00:00","2025-10-15 21:09:26","Percentual","CP","Capitais de UF e Distrito Federal","tipoarea","Tipo de área"
201612,nan,"None","None",nan,"None","None",nan,nan,3.65,"2016-12-01 12:00:00","2025-10-15 21:09:26","Percentual","CP","Capitais de UF e Distrito Federal","tipoarea","Tipo de área"
201712,nan,"None","None",nan,"None","None",nan,nan,61.52,"2017-12-01 12:00:00","2025-10-15 21:09:26","Percentual","CP","Capitais de UF e Distrito Federal","sitdom","Situação do domicílio"
201812,nan,"None","None",nan,"None","None",nan,nan,1.24,"2018-12-01 12:00:00","2025-10-15 21:09:26","Percentual","CP","Capitais de UF e Distrito Federal","sitdom","Situação do domicílio"
201612,11.0,"RO","Rondônia",1.0,"Norte","N ",21.86,22.15,10.51,"2016-12-01 12:00:00","2025-10-15 21:09:26","Percentual","CP","Capitais de UF e Distrito Federal","TC","Todas as categorias"
201612,22.0,"PI","Piauí",2.0,"Nordeste","NE",30.67,21.09,10.51,"2016-12-01 12:00:00","2025-10-15 21:09:26","Percentual","CP","Capitais de UF e Distrito Federal","TC","Todas as categorias"
201612,31.0,"MG","Minas Gerais",3.0,"Sudeste","SE",9.22,3.58,10.51,"2016-12-01 12:00:00","2025-10-15 21:09:26","Percentual","CP","Capitais de UF e Distrito Federal","TC","Todas as categorias"
201612,51.0,"MT","Mato Grosso",5.0,"Centro-Oeste","CO",11.86,7.16,10.51,"2016-12-01 12:00:00","2025-10-15 21:09:26","Percentual","CP","Capitais de UF e Distrito Federal","TC","Todas as categorias"
201712,16.0,"AP","Amapá",1.0,"Norte","N ",8.62,21.04,10.0,"2017-12-01 12:00:00","2025-10-15 21:09:26","Percentual","CP","Capitais de UF e Distrito Federal","TC","Todas as categorias"
201712,27.0,"AL","Alagoas",2.0,"Nordeste","NE",16.43,19.84,10.0,"2017-12-01 12:00:00","2025-10-15 21:09:26","Percentual","CP","Capitais de UF e Distrito Federal","TC","Todas as categorias"
201712,42.0,"SC","Santa Catarina",4.0,"Sul","S ",5.07,5.53,10.0,"2017-12-01 12:00:00","2025-10-15 21:09:26","Percentual","CP","Capitais de UF e Distrito Federal","TC","Todas as categorias"
201712,32.0,"ES","Espírito Santo",3.0,"Sudeste","SE",8.9,3.46,10.0,"2017-12-01 12:00:00","2025-10-15 21:09:26","Percentual","CP","Capitais de UF e Distrito Federal","TC","Todas as categorias"
201812,24.0,"RN","Rio Grande do Norte",2.0,"Nordeste","NE",12.18,18.83,9.72,"2018-12-01 12:00:00","2025-10-15 21:09:26","Percentual","CP","Capitais de UF e Distrito Federal","TC","Todas as categorias"
201712,52.0,"GO","Goiás",5.0,"Centro-Oeste","CO",6.53,7.39,10.0,"2017-12-01 12:00:00","2025-10-15 21:09:26","Percentual","CP","Capitais de UF e Distrito Federal","TC","Todas as categorias"
201812,17.0,"TO","Tocantins",1.0,"Norte","N ",16.19,21.59,9.72,"2018-12-01 12:00:00","2025-10-15 21:09:26","Percentual","CP","Capitais de UF e Distrito Federal","TC","Todas as categorias"
201812,28.0,"SE","Sergipe",2.0,"Nordeste","NE",11.2,18.83,9.72,"2018-12-01 12:00:00","2025-10-15 21:09:26","Percentual","CP","Capitais de UF e Distrito Federal","TC","Todas as categorias"
201812,43.0,"RS","Rio Grande do Sul",4.0,"Sul","S ",5.09,5.7,9.72,"2018-12-01 12:00:00","2025-10-15 21:09:26","Percentual","CP","Capitais de UF e Distrito Federal","TC","Todas as categorias"
201912,14.0,"RR","Roraima",1.0,"Norte","N ",13.85,21.62,9.45,"2019-12-01 12:00:00","2025-10-15 21:09:26","Percentual","CP","Capitais de UF e Distrito Federal","TC","Todas as categorias"
202012,26.0,"PE","Pernambuco",2.0,"Nordeste","NE",0.0,0.0,0.0,"2020-12-01 12:00:00","2025-10-15 21:09:26","Percentual","CP","Capitais de UF e Distrito Federal","TC","Todas as categorias"
202012,41.0,"PR","Paraná",4.0,"Sul","S ",0.0,0.0,0.0,"2020-12-01 12:00:00","2025-10-15 21:09:26","Percentual","CP","Capitais de UF e Distrito Federal","TC","Todas as categorias"
201912,35.0,"SP","São Paulo",3.0,"Sudeste","SE",1.2,3.06,9.45,"2019-12-01 12:00:00","2025-10-15 21:09:26","Percentual","CP","Capitais de UF e Distrito Federal","TC","Todas as categorias"
202012,11.0,"RO","Rondônia",1.0,"Norte","N ",0.0,0.0,0.0,"2020-12-01 12:00:00","2025-10-15 21:09:26","Percentual","CP","Capitais de UF e Distrito Federal","TC","Todas as categorias"
202212,28.0,"SE","Sergipe",2.0,"Nordeste","NE",8.47,16.4,8.42,"2022-12-01 12:00:00","2025-10-15 21:09:26","Percentual","CP","Capitais de UF e Distrito Federal","TC","Todas as categorias"
202012,22.0,"PI","Piauí",2.0,"Nordeste","NE",0.0,0.0,0.0,"2020-12-01 12:00:00","2025-10-15 21:09:26","Percentual","CP","Capitais de UF e Distrito Federal","TC","Todas as categorias"
202312,14.0,"RR","Roraima",1.0,"Norte","N ",11.18,17.96,8.04,"2023-12-01 12:00:00","2025-10-15 21:09:26","Percentual","CP","Capitais de UF e Distrito Federal","TC","Todas as categorias"
202012,31.0,"MG","Minas Gerais",3.0,"Sudeste","SE",0.0,0.0,0.0,"2020-12-01 12:00:00","2025-10-15 21:09:26","Percentual","CP","Capitais de UF e Distrito Federal","TC","Todas as categorias"
202012,51.0,"MT","Mato Grosso",5.0,"Centro-Oeste","CO",0.0,0.0,0.0,"2020-12-01 12:00:00","2025-10-15 21:09:26","Percentual","CP","Capitais de UF e Distrito Federal","TC","Todas as categorias"
202112,16.0,"AP","Amapá",1.0,"Norte","N ",0.0,0.0,0.0,"2021-12-01 12:00:00","2025-10-15 21:09:26","Percentual","CP","Capitais de UF e Distrito Federal","TC","Todas as categorias"
202112,27.0,"AL","Alagoas",2.0,"Nordeste","NE",0.0,0.0,0.0,"2021-12-01 12:00:00","2025-10-15 21:09:26","Percentual","CP","Capitais de UF e Distrito Federal","TC","Todas as categorias"
202412,51.0,"MT","Mato Grosso",5.0,"Centro-Oeste","CO",8.31,4.86,7.44,"2024-12-01 12:00:00","2025-10-15 21:09:26","Percentual","CP","Capitais de UF e Distrito Federal","TC","Todas as categorias"
202312,nan,"None","None",nan,"None","None",nan,nan,9.26,"2023-12-01 12:00:00","2025-10-15 21:09:26","Percentual","CP","Capitais de UF e Distrito Federal","fx_etaria","Faixa etária"
202412,nan,"None","None",nan,"None","None",nan,nan,8.58,"2024-12-01 12:00:00","2025-10-15 21:09:26","Percentual","CP","Capitais de UF e Distrito Federal","fx_etaria","Faixa etária"
201612,nan,"None","None",nan,"None","None",nan,nan,9.18,"2016-12-01 12:00:00","2025-10-15 21:09:26","Percentual","CP","Capitais de UF e Distrito Federal","fx_etaria","Faixa etária"
201712,nan,"None","None",nan,"None","None",nan,nan,9.14,"2017-12-01 12:00:00","2025-10-15 21:09:26","Percentual","CP","Capitais de UF e Distrito Federal","fx_etaria","Faixa etária"
201812,nan,"None","None",nan,"None","None",nan,nan,8.84,"2018-12-01 12:00:00","2025-10-15 21:09:26","Percentual","CP","Capitais de UF e Distrito Federal","fx_etaria","Faixa etária"
201912,nan,"None","None",nan,"None","None",nan,nan,9.23,"2019-12-01 12:00:00","2025-10-15 21:09:26","Percentual","CP","Capitais de UF e Distrito Federal","fx_etaria","Faixa etária"
202212,nan,"None","None",nan,"None","None",nan,nan,8.74,"2022-12-01 12:00:00","2025-10-15 21:09:26","Percentual","CP","Capitais de UF e Distrito Federal","fx_etaria","Faixa etária"
202312,nan,"None","None",nan,"None","None",nan,nan,7.75,"2023-12-01 12:00:00","2025-10-15 21:09:26","Percentual","CP","Capitais de UF e Distrito Federal","fx_etaria","Faixa etária"
202412,nan,"None","None",nan,"None","None",nan,nan,2.54,"2024-12-01 12:00:00","2025-10-15 21:09:26","Percentual","CP","Capitais de UF e Distrito Federal","cor_raca","Raça/cor"
201612,15.0,"PA","Pará",1.0,"Norte","N ",26.25,22.15,10.51,"2016-12-01 12:00:00","2025-10-15 21:09:26","Percentual","CP","Capitais de UF e Distrito Federal","TC","Todas as categorias"
201612,26.0,"PE","Pernambuco",2.0,"Nordeste","NE",17.01,21.09,10.51,"2016-12-01 12:00:00","2025-10-15 21:09:26","Percentual","CP","Capitais de UF e Distrito Federal","TC","Todas as categorias"
201612,41.0,"PR","Paraná",4.0,"Sul","S ",6.65,5.84,10.51,"2016-12-01 12:00:00","2025-10-15 21:09:26","Percentual","CP","Capitais de UF e Distrito Federal","TC","Todas as categorias"
201712,12.0,"AC","Acre",1.0,"Norte","N ",24.78,21.04,10.0,"2017-12-01 12:00:00","2025-10-15 21:09:26","Percentual","CP","Capitais de UF e Distrito Federal","TC","Todas as categorias"
201712,23.0,"CE","Ceará",2.0,"Nordeste","NE",18.5,19.84,10.0,"2017-12-01 12:00:00","2025-10-15 21:09:26","Percentual","CP","Capitais de UF e Distrito Federal","TC","Todas as categorias"
201812,13.0,"AM","Amazonas",1.0,"Norte","N ",17.91,21.59,9.72,"2018-12-01 12:00:00","2025-10-15 21:09:26","Percentual","CP","Capitais de UF e Distrito Federal","TC","Todas as categorias"
201812,33.0,"RJ","Rio de Janeiro",3.0,"Sudeste","SE",1.16,3.34,9.72,"2018-12-01 12:00:00","2025-10-15 21:09:26","Percentual","CP","Capitais de UF e Distrito Federal","TC","Todas as categorias"
201812,53.0,"DF","Distrito Federal",5.0,"Centro-Oeste","CO",2.14,7.08,9.72,"2018-12-01 12:00:00","2025-10-15 21:09:26","Percentual","CP","Capitais de UF e Distrito Federal","TC","Todas as categorias"
201912,21.0,"MA","Maranhão",2.0,"Nordeste","NE",30.77,18.48,9.45,"2019-12-01 12:00:00","2025-10-15 21:09:26","Percentual","CP","Capitais de UF e Distrito Federal","TC","Todas as categorias"
201912,29.0,"BA","Bahia",2.0,"Nordeste","NE",17.0,18.48,9.45,"2019-12-01 12:00:00","2025-10-15 21:09:26","Percentual","CP","Capitais de UF e Distrito Federal","TC","Todas as categorias"
201912,50.0,"MS","Mato Grosso do Sul",5.0,"Centro-Oeste","CO",7.61,7.19,9.45,"2019-12-01 12:00:00","2025-10-15 21:09:26","Percentual","CP","Capitais de UF e Distrito Federal","TC","Todas as categorias"
202012,15.0,"PA","Pará",1.0,"Norte","N ",0.0,0.0,0.0,"2020-12-01 12:00:00","2025-10-15 21:09:26","Percentual","CP","Capitais de UF e Distrito Federal","TC","Todas as categorias"
201912,25.0,"PB","Paraíba",2.0,"Nordeste","NE",16.88,18.48,9.45,"2019-12-01 12:00:00","2025-10-15 21:09:26","Percentual","CP","Capitais de UF e Distrito Federal","TC","Todas as categorias"
202112,12.0,"AC","Acre",1.0,"Norte","N ",0.0,0.0,0.0,"2021-12-01 12:00:00","2025-10-15 21:09:26","Percentual","CP","Capitais de UF e Distrito Federal","TC","Todas as categorias"
202112,23.0,"CE","Ceará",2.0,"Nordeste","NE",0.0,0.0,0.0,"2021-12-01 12:00:00","2025-10-15 21:09:26","Percentual","CP","Capitais de UF e Distrito Federal","TC","Todas as categorias"
202112,32.0,"ES","Espírito Santo",3.0,"Sudeste","SE",0.0,0.0,0.0,"2021-12-01 12:00:00","2025-10-15 21:09:26","Percentual","CP","Capitais de UF e Distrito Federal","TC","Todas as categorias"
202112,52.0,"GO","Goiás",5.0,"Centro-Oeste","CO",0.0,0.0,0.0,"2021-12-01 12:00:00","2025-10-15 21:09:26","Percentual","CP","Capitais de UF e Distrito Federal","TC","Todas as categorias"
202212,17.0,"TO","Tocantins",1.0,"Norte","N ",12.19,18.87,8.42,"2022-12-01 12:00:00","2025-10-15 21:09:26","Percentual","CP","Capitais de UF e Distrito Federal","TC","Todas as categorias"
202212,43.0,"RS","Rio Grande do Sul",4.0,"Sul","S ",5.01,5.08,8.42,"2022-12-01 12:00:00","2025-10-15 21:09:26","Percentual","CP","Capitais de UF e Distrito Federal","TC","Todas as categorias"
202312,25.0,"PB","Paraíba",2.0,"Nordeste","NE",16.6,16.21,8.04,"2023-12-01 12:00:00","2025-10-15 21:09:26","Percentual","CP","Capitais de UF e Distrito Federal","TC","Todas as categorias"
202312,35.0,"SP","São Paulo",3.0,"Sudeste","SE",0.97,2.63,8.04,"2023-12-01 12:00:00","2025-10-15 21:09:26","Percentual","CP","Capitais de UF e Distrito Federal","TC","Todas as categorias"
202412,11.0,"RO","Rondônia",1.0,"Norte","N ",18.39,17.06,7.44,"2024-12-01 12:00:00","2025-10-15 21:09:26","Percentual","CP","Capitais de UF e Distrito Federal","TC","Todas as categorias"
202412,22.0,"PI","Piauí",2.0,"Nordeste","NE",22.25,15.02,7.44,"2024-12-01 12:00:00","2025-10-15 21:09:26","Percentual","CP","Capitais de UF e Distrito Federal","TC","Todas as categorias"
202412,31.0,"MG","Minas Gerais",3.0,"Sudeste","SE",5.88,2.31,7.44,"2024-12-01 12:00:00","2025-10-15 21:09:26","Percentual","CP","Capitais de UF e Distrito Federal","TC","Todas as categorias"
202112,42.0,"SC","Santa Catarina",4.0,"Sul","S ",0.0,0.0,0.0,"2021-12-01 12:00:00","2025-10-15 21:09:26","Percentual","CP","Capitais de UF e Distrito Federal","TC","Todas as categorias"
201612,nan,"None","None",nan,"None","None",nan,nan,6.27,"2016-12-01 12:00:00","2025-10-15 21:09:26","Percentual","CP","Capitais de UF e Distrito Federal","cor_raca","Raça/cor"
201712,nan,"None","None",nan,"None","None",nan,nan,1.02,"2017-12-01 12:00:00","2025-10-15 21:09:26","Percentual","CP","Capitais de UF e Distrito Federal","tipoarea","Tipo de área"
201812,nan,"None","None",nan,"None","None",nan,nan,8.95,"2018-12-01 12:00:00","2025-10-15 21:09:26","Percentual","CP","Capitais de UF e Distrito Federal","sexo","Sexo"
201912,nan,"None","None",nan,"None","None",nan,nan,17.17,"2019-12-01 12:00:00","2025-10-15 21:09:26","Percentual","CP","Capitais de UF e Distrito Federal","cor_raca","Raça/cor"
202212,nan,"None","None",nan,"None","None",nan,nan,7.8,"2022-12-01 12:00:00","2025-10-15 21:09:26","Percentual","CP","Capitais de UF e Distrito Federal","fx_rdpc","Renda per capta"
202312,nan,"None","None",nan,"None","None",nan,nan,13.29,"2023-12-01 12:00:00","2025-10-15 21:09:26","Percentual","CP","Capitais de UF e Distrito Federal","fx_rdpc","Renda per capta"
202412,nan,"None","None",nan,"None","None",nan,nan,3.47,"2024-12-01 12:00:00","2025-10-15 21:09:26","Percentual","CP","Capitais de UF e Distrito Federal","fx_rdpc","Renda per capta"
201612,nan,"None","None",nan,"None","None",nan,nan,0.99,"2016-12-01 12:00:00","2025-10-15 21:09:26","Percentual","CP","Capitais de UF e Distrito Federal","fx_rdpc","Renda per capta"
201712,nan,"None","None",nan,"None","None",nan,nan,10.76,"2017-12-01 12:00:00","2025-10-15 21:09:26","Percentual","CP","Capitais de UF e Distrito Federal","sexo","Sexo"
201812,nan,"None","None",nan,"None","None",nan,nan,13.2,"2018-12-01 12:00:00","2025-10-15 21:09:26","Percentual","CP","Capitais de UF e Distrito Federal","cor_raca","Raça/cor"
201912,nan,"None","None",nan,"None","None",nan,nan,8.74,"2019-12-01 12:00:00","2025-10-15 21:09:26","Percentual","CP","Capitais de UF e Distrito Federal","cor_raca","Raça/cor"
202212,nan,"None","None",nan,"None","None",nan,nan,13.34,"2022-12-01 12:00:00","2025-10-15 21:09:26","Percentual","CP","Capitais de UF e Distrito Federal","tipoarea","Tipo de área"
202312,nan,"None","None",nan,"None","None",nan,nan,10.78,"2023-12-01 12:00:00","2025-10-15 21:09:26","Percentual","CP","Capitais de UF e Distrito Federal","tipoarea","Tipo de área"
202412,nan,"None","None",nan,"None","None",nan,nan,2.06,"2024-12-01 12:00:00","2025-10-15 21:09:26","Percentual","CP","Capitais de UF e Distrito Federal","tipoarea","Tipo de área"
201612,nan,"None","None",nan,"None","None",nan,nan,1.62,"2016-12-01 12:00:00","2025-10-15 21:09:26","Percentual","CP","Capitais de UF e Distrito Federal","sitdom","Situação do domicílio"
202212,13.0,"AM","Amazonas",1.0,"Norte","N ",15.65,18.87,8.42,"2022-12-01 12:00:00","2025-10-15 21:09:26","Percentual","CP","Capitais de UF e Distrito Federal","TC","Todas as categorias"
202212,24.0,"RN","Rio Grande do Norte",2.0,"Nordeste","NE",9.97,16.4,8.42,"2022-12-01 12:00:00","2025-10-15 21:09:26","Percentual","CP","Capitais de UF e Distrito Federal","TC","Todas as categorias"
202212,33.0,"RJ","Rio de Janeiro",3.0,"Sudeste","SE",0.71,2.82,8.42,"2022-12-01 12:00:00","2025-10-15 21:09:26","Percentual","CP","Capitais de UF e Distrito Federal","TC","Todas as categorias"
202212,53.0,"DF","Distrito Federal",5.0,"Centro-Oeste","CO",0.94,5.69,8.42,"2022-12-01 12:00:00","2025-10-15 21:09:26","Percentual","CP","Capitais de UF e Distrito Federal","TC","Todas as categorias"
202312,21.0,"MA","Maranhão",2.0,"Nordeste","NE",26.21,16.21,8.04,"2023-12-01 12:00:00","2025-10-15 21:09:26","Percentual","CP","Capitais de UF e Distrito Federal","TC","Todas as categorias"
202312,29.0,"BA","Bahia",2.0,"Nordeste","NE",16.97,16.21,8.04,"2023-12-01 12:00:00","2025-10-15 21:09:26","Percentual","CP","Capitais de UF e Distrito Federal","TC","Todas as categorias"
202312,50.0,"MS","Mato Grosso do Sul",5.0,"Centro-Oeste","CO",7.49,5.41,8.04,"2023-12-01 12:00:00","2025-10-15 21:09:26","Percentual","CP","Capitais de UF e Distrito Federal","TC","Todas as categorias"
202412,15.0,"PA","Pará",1.0,"Norte","N ",20.71,17.06,7.44,"2024-12-01 12:00:00","2025-10-15 21:09:26","Percentual","CP","Capitais de UF e Distrito Federal","TC","Todas as categorias"
202412,26.0,"PE","Pernambuco",2.0,"Nordeste","NE",13.15,15.02,7.44,"2024-12-01 12:00:00","2025-10-15 21:09:26","Percentual","CP","Capitais de UF e Distrito Federal","TC","Todas as categorias"
202412,41.0,"PR","Paraná",4.0,"Sul","S ",4.69,3.91,7.44,"2024-12-01 12:00:00","2025-10-15 21:09:26","Percentual","CP","Capitais de UF e Distrito Federal","TC","Todas as categorias"
201712,nan,"None","None",nan,"None","None",nan,nan,11.69,"2017-12-01 12:00:00","2025-10-15 21:09:26","Percentual","CP","Capitais de UF e Distrito Federal","fx_etaria","Faixa etária"
201812,nan,"None","None",nan,"None","None",nan,nan,12.13,"2018-12-01 12:00:00","2025-10-15 21:09:26","Percentual","CP","Capitais de UF e Distrito Federal","fx_etaria","Faixa etária"
201912,nan,"None","None",nan,"None","None",nan,nan,8.73,"2019-12-01 12:00:00","2025-10-15 21:09:26","Percentual","CP","Capitais de UF e Distrito Federal","fx_etaria","Faixa etária"
202212,nan,"None","None",nan,"None","None",nan,nan,7.41,"2022-12-01 12:00:00","2025-10-15 21:09:26","Percentual","CP","Capitais de UF e Distrito Federal","fx_etaria","Faixa etária"
202312,nan,"None","None",nan,"None","None",nan,nan,7.5,"2023-12-01 12:00:00","2025-10-15 21:09:26","Percentual","CP","Capitais de UF e Distrito Federal","fx_etaria","Faixa etária"
202412,nan,"None","None",nan,"None","None",nan,nan,7.31,"2024-12-01 12:00:00","2025-10-15 21:09:26","Percentual","CP","Capitais de UF e Distrito Federal","fx_etaria","Faixa etária"
201612,nan,"None","None",nan,"None","None",nan,nan,10.4,"2016-12-01 12:00:00","2025-10-15 21:09:26","Percentual","CP","Capitais de UF e Distrito Federal","fx_etaria","Faixa etária"
201712,nan,"None","None",nan,"None","None",nan,nan,9.15,"2017-12-01 12:00:00","2025-10-15 21:09:26","Percentual","CP","Capitais de UF e Distrito Federal","fx_etaria","Faixa etária"
201812,nan,"None","None",nan,"None","None",nan,nan,4.8,"2018-12-01 12:00:00","2025-10-15 21:09:26","Percentual","CP","Capitais de UF e Distrito Federal","cor_raca","Raça/cor"
201912,nan,"None","None",nan,"None","None",nan,nan,27.54,"2019-12-01 12:00:00","2025-10-15 21:09:26","Percentual","CP","Capitais de UF e Distrito Federal","fx_rdpc","Renda per capta"
202212,nan,"None","None",nan,"None","None",nan,nan,5.26,"2022-12-01 12:00:00","2025-10-15 21:09:26","Percentual","CP","Capitais de UF e Distrito Federal","cor_raca","Raça/cor"
202312,nan,"None","None",nan,"None","None",nan,nan,0.53,"2023-12-01 12:00:00","2025-10-15 21:09:26","Percentual","CP","Capitais de UF e Distrito Federal","tipoarea","Tipo de área"
202412,nan,"None","None",nan,"None","None",nan,nan,6.91,"2024-12-01 12:00:00","2025-10-15 21:09:26","Percentual","CP","Capitais de UF e Distrito Federal","sexo","Sexo"
201612,nan,"None","None",nan,"None","None",nan,nan,8.55,"2016-12-01 12:00:00","2025-10-15 21:09:26","Percentual","CP","Capitais de UF e Distrito Federal","fx_rdpc","Renda per capta"
201712,nan,"None","None",nan,"None","None",nan,nan,14.06,"2017-12-01 12:00:00","2025-10-15 21:09:26","Percentual","CP","Capitais de UF e Distrito Federal","fx_rdpc","Renda per capta"
201812,nan,"None","None",nan,"None","None",nan,nan,3.86,"2018-12-01 12:00:00","2025-10-15 21:09:26","Percentual","CP","Capitais de UF e Distrito Federal","fx_rdpc","Renda per capta"
201912,nan,"None","None",nan,"None","None",nan,nan,1.67,"2019-12-01 12:00:00","2025-10-15 21:09:26","Percentual","CP","Capitais de UF e Distrito Federal","fx_rdpc","Renda per capta"
202212,nan,"None","None",nan,"None","None",nan,nan,1.45,"2022-12-01 12:00:00","2025-10-15 21:09:26","Percentual","CP","Capitais de UF e Distrito Federal","fx_rdpc","Renda per capta"
202312,nan,"None","None",nan,"None","None",nan,nan,8.65,"2023-12-01 12:00:00","2025-10-15 21:09:26","Percentual","CP","Capitais de UF e Distrito Federal","sexo","Sexo"
202412,nan,"None","None",nan,"None","None",nan,nan,10.14,"2024-12-01 12:00:00","2025-10-15 21:09:26","Percentual","CP","Capitais de UF e Distrito Federal","cor_raca","Raça/cor"
201612,nan,"None","None",nan,"None","None",nan,nan,16.15,"2016-12-01 12:00:00","2025-10-15 21:09:26","Percentual","CP","Capitais de UF e Distrito Federal","tipoarea","Tipo de área"
201712,nan,"None","None",nan,"None","None",nan,nan,12.33,"2017-12-01 12:00:00","2025-10-15 21:09:26","Percentual","CP","Capitais de UF e Distrito Federal","tipoarea","Tipo de área"
201812,nan,"None","None",nan,"None","None",nan,nan,2.82,"2018-12-01 12:00:00","2025-10-15 21:09:26","Percentual","CP","Capitais de UF e Distrito Federal","tipoarea","Tipo de área"
201912,nan,"None","None",nan,"None","None",nan,nan,59.42,"2019-12-01 12:00:00","2025-10-15 21:09:26","Percentual","CP","Capitais de UF e Distrito Federal","sitdom","Situação do domicílio"
202212,nan,"None","None",nan,"None","None",nan,nan,0.72,"2022-12-01 12:00:00","2025-10-15 21:09:26","Percentual","CP","Capitais de UF e Distrito Federal","sitdom","Situação do domicílio"
201612,21.0,"MA","Maranhão",2.0,"Nordeste","NE",36.44,21.09,10.51,"2016-12-01 12:00:00","2025-10-15 21:09:26","Percentual","CP","Capitais de UF e Distrito Federal","TC","Todas as categorias"
201612,29.0,"BA","Bahia",2.0,"Nordeste","NE",20.27,21.09,10.51,"2016-12-01 12:00:00","2025-10-15 21:09:26","Percentual","CP","Capitais de UF e Distrito Federal","TC","Todas as categorias"
201612,50.0,"MS","Mato Grosso do Sul",5.0,"Centro-Oeste","CO",7.86,7.16,10.51,"2016-12-01 12:00:00","2025-10-15 21:09:26","Percentual","CP","Capitais de UF e Distrito Federal","TC","Todas as categorias"
201712,15.0,"PA","Pará",1.0,"Norte","N ",24.09,21.04,10.0,"2017-12-01 12:00:00","2025-10-15 21:09:26","Percentual","CP","Capitais de UF e Distrito Federal","TC","Todas as categorias"
201712,26.0,"PE","Pernambuco",2.0,"Nordeste","NE",14.67,19.84,10.0,"2017-12-01 12:00:00","2025-10-15 21:09:26","Percentual","CP","Capitais de UF e Distrito Federal","TC","Todas as categorias"
201712,41.0,"PR","Paraná",4.0,"Sul","S ",6.16,5.53,10.0,"2017-12-01 12:00:00","2025-10-15 21:09:26","Percentual","CP","Capitais de UF e Distrito Federal","TC","Todas as categorias"
201812,12.0,"AC","Acre",1.0,"Norte","N ",24.18,21.59,9.72,"2018-12-01 12:00:00","2025-10-15 21:09:26","Percentual","CP","Capitais de UF e Distrito Federal","TC","Todas as categorias"
201812,23.0,"CE","Ceará",2.0,"Nordeste","NE",18.25,18.83,9.72,"2018-12-01 12:00:00","2025-10-15 21:09:26","Percentual","CP","Capitais de UF e Distrito Federal","TC","Todas as categorias"
201612,28.0,"SE","Sergipe",2.0,"Nordeste","NE",11.44,21.09,10.51,"2016-12-01 12:00:00","2025-10-15 21:09:26","Percentual","CP","Capitais de UF e Distrito Federal","TC","Todas as categorias"
201812,52.0,"GO","Goiás",5.0,"Centro-Oeste","CO",5.8,7.08,9.72,"2018-12-01 12:00:00","2025-10-15 21:09:26","Percentual","CP","Capitais de UF e Distrito Federal","TC","Todas as categorias"
201712,14.0,"RR","Roraima",1.0,"Norte","N ",12.3,21.04,10.0,"2017-12-01 12:00:00","2025-10-15 21:09:26","Percentual","CP","Capitais de UF e Distrito Federal","TC","Todas as categorias"
201712,25.0,"PB","Paraíba",2.0,"Nordeste","NE",17.65,19.84,10.0,"2017-12-01 12:00:00","2025-10-15 21:09:26","Percentual","CP","Capitais de UF e Distrito Federal","TC","Todas as categorias"
201912,43.0,"RS","Rio Grande do Sul",4.0,"Sul","S ",4.71,5.24,9.45,"2019-12-01 12:00:00","2025-10-15 21:09:26","Percentual","CP","Capitais de UF e Distrito Federal","TC","Todas as categorias"
202012,14.0,"RR","Roraima",1.0,"Norte","N ",0.0,0.0,0.0,"2020-12-01 12:00:00","2025-10-15 21:09:26","Percentual","CP","Capitais de UF e Distrito Federal","TC","Todas as categorias"
201812,11.0,"RO","Rondônia",1.0,"Norte","N ",22.51,21.59,9.72,"2018-12-01 12:00:00","2025-10-15 21:09:26","Percentual","CP","Capitais de UF e Distrito Federal","TC","Todas as categorias"
201812,22.0,"PI","Piauí",2.0,"Nordeste","NE",28.36,18.83,9.72,"2018-12-01 12:00:00","2025-10-15 21:09:26","Percentual","CP","Capitais de UF e Distrito Federal","TC","Todas as categorias"
202112,22.0,"PI","Piauí",2.0,"Nordeste","NE",0.0,0.0,0.0,"2021-12-01 12:00:00","2025-10-15 21:09:26","Percentual","CP","Capitais de UF e Distrito Federal","TC","Todas as categorias"
202112,31.0,"MG","Minas Gerais",3.0,"Sudeste","SE",0.0,0.0,0.0,"2021-12-01 12:00:00","2025-10-15 21:09:26","Percentual","CP","Capitais de UF e Distrito Federal","TC","Todas as categorias"
201912,27.0,"AL","Alagoas",2.0,"Nordeste","NE",13.83,18.48,9.45,"2019-12-01 12:00:00","2025-10-15 21:09:26","Percentual","CP","Capitais de UF e Distrito Federal","TC","Todas as categorias"
202212,16.0,"AP","Amapá",1.0,"Norte","N ",6.13,18.87,8.42,"2022-12-01 12:00:00","2025-10-15 21:09:26","Percentual","CP","Capitais de UF e Distrito Federal","TC","Todas as categorias"
202212,27.0,"AL","Alagoas",2.0,"Nordeste","NE",12.04,16.4,8.42,"2022-12-01 12:00:00","2025-10-15 21:09:26","Percentual","CP","Capitais de UF e Distrito Federal","TC","Todas as categorias"
202012,13.0,"AM","Amazonas",1.0,"Norte","N ",0.0,0.0,0.0,"2020-12-01 12:00:00","2025-10-15 21:09:26","Percentual","CP","Capitais de UF e Distrito Federal","TC","Todas as categorias"
202012,24.0,"RN","Rio Grande do Norte",2.0,"Nordeste","NE",0.0,0.0,0.0,"2020-12-01 12:00:00","2025-10-15 21:09:26","Percentual","CP","Capitais de UF e Distrito Federal","TC","Todas as categorias"
202012,33.0,"RJ","Rio de Janeiro",3.0,"Sudeste","SE",0.0,0.0,0.0,"2020-12-01 12:00:00","2025-10-15 21:09:26","Percentual","CP","Capitais de UF e Distrito Federal","TC","Todas as categorias"
202312,13.0,"AM","Amazonas",1.0,"Norte","N ",14.6,17.96,8.04,"2023-12-01 12:00:00","2025-10-15 21:09:26","Percentual","CP","Capitais de UF e Distrito Federal","TC","Todas as categorias"
202312,24.0,"RN","Rio Grande do Norte",2.0,"Nordeste","NE",8.06,16.21,8.04,"2023-12-01 12:00:00","2025-10-15 21:09:26","Percentual","CP","Capitais de UF e Distrito Federal","TC","Todas as categorias"
202312,33.0,"RJ","Rio de Janeiro",3.0,"Sudeste","SE",1.12,2.63,8.04,"2023-12-01 12:00:00","2025-10-15 21:09:26","Percentual","CP","Capitais de UF e Distrito Federal","TC","Todas as categorias"
202312,53.0,"DF","Distrito Federal",5.0,"Centro-Oeste","CO",0.54,5.41,8.04,"2023-12-01 12:00:00","2025-10-15 21:09:26","Percentual","CP","Capitais de UF e Distrito Federal","TC","Todas as categorias"
202112,29.0,"BA","Bahia",2.0,"Nordeste","NE",0.0,0.0,0.0,"2021-12-01 12:00:00","2025-10-15 21:09:26","Percentual","CP","Capitais de UF e Distrito Federal","TC","Todas as categorias"
202112,50.0,"MS","Mato Grosso do Sul",5.0,"Centro-Oeste","CO",0.0,0.0,0.0,"2021-12-01 12:00:00","2025-10-15 21:09:26","Percentual","CP","Capitais de UF e Distrito Federal","TC","Todas as categorias"
202212,15.0,"PA","Pará",1.0,"Norte","N ",22.73,18.87,8.42,"2022-12-01 12:00:00","2025-10-15 21:09:26","Percentual","CP","Capitais de UF e Distrito Federal","TC","Todas as categorias"
202212,26.0,"PE","Pernambuco",2.0,"Nordeste","NE",12.75,16.4,8.42,"2022-12-01 12:00:00","2025-10-15 21:09:26","Percentual","CP","Capitais de UF e Distrito Federal","TC","Todas as categorias"
201612,12.0,"AC","Acre",1.0,"Norte","N ",22.95,22.15,10.51,"2016-12-01 12:00:00","2025-10-15 21:09:26","Percentual","CP","Capitais de UF e Distrito Federal","TC","Todas as categorias"
201612,23.0,"CE","Ceará",2.0,"Nordeste","NE",20.13,21.09,10.51,"2016-12-01 12:00:00","2025-10-15 21:09:26","Percentual","CP","Capitais de UF e Distrito Federal","TC","Todas as categorias"
201612,32.0,"ES","Espírito Santo",3.0,"Sudeste","SE",9.51,3.58,10.51,"2016-12-01 12:00:00","2025-10-15 21:09:26","Percentual","CP","Capitais de UF e Distrito Federal","TC","Todas as categorias"
201612,52.0,"GO","Goiás",5.0,"Centro-Oeste","CO",6.33,7.16,10.51,"2016-12-01 12:00:00","2025-10-15 21:09:26","Percentual","CP","Capitais de UF e Distrito Federal","TC","Todas as categorias"
201712,17.0,"TO","Tocantins",1.0,"Norte","N ",16.13,21.04,10.0,"2017-12-01 12:00:00","2025-10-15 21:09:26","Percentual","CP","Capitais de UF e Distrito Federal","TC","Todas as categorias"
201712,28.0,"SE","Sergipe",2.0,"Nordeste","NE",12.02,19.84,10.0,"2017-12-01 12:00:00","2025-10-15 21:09:26","Percentual","CP","Capitais de UF e Distrito Federal","TC","Todas as categorias"
201712,43.0,"RS","Rio Grande do Sul",4.0,"Sul","S ",5.17,5.53,10.0,"2017-12-01 12:00:00","2025-10-15 21:09:26","Percentual","CP","Capitais de UF e Distrito Federal","TC","Todas as categorias"
201812,14.0,"RR","Roraima",1.0,"Norte","N ",14.97,21.59,9.72,"2018-12-01 12:00:00","2025-10-15 21:09:26","Percentual","CP","Capitais de UF e Distrito Federal","TC","Todas as categorias"
201812,25.0,"PB","Paraíba",2.0,"Nordeste","NE",16.66,18.83,9.72,"2018-12-01 12:00:00","2025-10-15 21:09:26","Percentual","CP","Capitais de UF e Distrito Federal","TC","Todas as categorias"
201812,35.0,"SP","São Paulo",3.0,"Sudeste","SE",1.33,3.34,9.72,"2018-12-01 12:00:00","2025-10-15 21:09:26","Percentual","CP","Capitais de UF e Distrito Federal","TC","Todas as categorias"
201912,11.0,"RO","Rondônia",1.0,"Norte","N ",22.53,21.62,9.45,"2019-12-01 12:00:00","2025-10-15 21:09:26","Percentual","CP","Capitais de UF e Distrito Federal","TC","Todas as categorias"
201912,22.0,"PI","Piauí",2.0,"Nordeste","NE",29.52,18.48,9.45,"2019-12-01 12:00:00","2025-10-15 21:09:26","Percentual","CP","Capitais de UF e Distrito Federal","TC","Todas as categorias"
201912,31.0,"MG","Minas Gerais",3.0,"Sudeste","SE",8.19,3.06,9.45,"2019-12-01 12:00:00","2025-10-15 21:09:26","Percentual","CP","Capitais de UF e Distrito Federal","TC","Todas as categorias"
201912,51.0,"MT","Mato Grosso",5.0,"Centro-Oeste","CO",12.55,7.19,9.45,"2019-12-01 12:00:00","2025-10-15 21:09:26","Percentual","CP","Capitais de UF e Distrito Federal","TC","Todas as categorias"
202012,16.0,"AP","Amapá",1.0,"Norte","N ",0.0,0.0,0.0,"2020-12-01 12:00:00","2025-10-15 21:09:26","Percentual","CP","Capitais de UF e Distrito Federal","TC","Todas as categorias"
202012,27.0,"AL","Alagoas",2.0,"Nordeste","NE",0.0,0.0,0.0,"2020-12-01 12:00:00","2025-10-15 21:09:26","Percentual","CP","Capitais de UF e Distrito Federal","TC","Todas as categorias"
202012,42.0,"SC","Santa Catarina",4.0,"Sul","S ",0.0,0.0,0.0,"2020-12-01 12:00:00","2025-10-15 21:09:26","Percentual","CP","Capitais de UF e Distrito Federal","TC","Todas as categorias"
202112,13.0,"AM","Amazonas",1.0,"Norte","N ",0.0,0.0,0.0,"2021-12-01 12:00:00","2025-10-15 21:09:26","Percentual","CP","Capitais de UF e Distrito Federal","TC","Todas as categorias"
202112,24.0,"RN","Rio Grande do Norte",2.0,"Nordeste","NE",0.0,0.0,0.0,"2021-12-01 12:00:00","2025-10-15 21:09:26","Percentual","CP","Capitais de UF e Distrito Federal","TC","Todas as categorias"
202112,33.0,"RJ","Rio de Janeiro",3.0,"Sudeste","SE",0.0,0.0,0.0,"2021-12-01 12:00:00","2025-10-15 21:09:26","Percentual","CP","Capitais de UF e Distrito Federal","TC","Todas as categorias"
202112,53.0,"DF","Distrito Federal",5.0,"Centro-Oeste","CO",0.0,0.0,0.0,"2021-12-01 12:00:00","2025-10-15 21:09:26","Percentual","CP","Capitais de UF e Distrito Federal","TC","Todas as categorias"
202212,21.0,"MA","Maranhão",2.0,"Nordeste","NE",25.34,16.4,8.42,"2022-12-01 12:00:00","2025-10-15 21:09:26","Percentual","CP","Capitais de UF e Distrito Federal","TC","Todas as categorias"
202212,29.0,"BA","Bahia",2.0,"Nordeste","NE",16.56,16.4,8.42,"2022-12-01 12:00:00","2025-10-15 21:09:26","Percentual","CP","Capitais de UF e Distrito Federal","TC","Todas as categorias"
202212,50.0,"MS","Mato Grosso do Sul",5.0,"Centro-Oeste","CO",6.94,5.69,8.42,"2022-12-01 12:00:00","2025-10-15 21:09:26","Percentual","CP","Capitais de UF e Distrito Federal","TC","Todas as categorias"
202312,15.0,"PA","Pará",1.0,"Norte","N ",21.99,17.96,8.04,"2023-12-01 12:00:00","2025-10-15 21:09:26","Percentual","CP","Capitais de UF e Distrito Federal","TC","Todas as categorias"
202312,26.0,"PE","Pernambuco",2.0,"Nordeste","NE",14.04,16.21,8.04,"2023-12-01 12:00:00","2025-10-15 21:09:26","Percentual","CP","Capitais de UF e Distrito Federal","TC","Todas as categorias"
202312,41.0,"PR","Paraná",4.0,"Sul","S ",5.06,4.12,8.04,"2023-12-01 12:00:00","2025-10-15 21:09:26","Percentual","CP","Capitais de UF e Distrito Federal","TC","Todas as categorias"
202412,12.0,"AC","Acre",1.0,"Norte","N ",20.0,17.06,7.44,"2024-12-01 12:00:00","2025-10-15 21:09:26","Percentual","CP","Capitais de UF e Distrito Federal","TC","Todas as categorias"
202412,23.0,"CE","Ceará",2.0,"Nordeste","NE",12.85,15.02,7.44,"2024-12-01 12:00:00","2025-10-15 21:09:26","Percentual","CP","Capitais de UF e Distrito Federal","TC","Todas as categorias"
202412,32.0,"ES","Espírito Santo",3.0,"Sudeste","SE",5.82,2.31,7.44,"2024-12-01 12:00:00","2025-10-15 21:09:26","Percentual","CP","Capitais de UF e Distrito Federal","TC","Todas as categorias"
202412,52.0,"GO","Goiás",5.0,"Centro-Oeste","CO",3.93,4.86,7.44,"2024-12-01 12:00:00","2025-10-15 21:09:26","Percentual","CP","Capitais de UF e Distrito Federal","TC","Todas as categorias"
202412,nan,"None","None",nan,"None","None",nan,nan,8.56,"2024-12-01 12:00:00","2025-10-15 21:09:26","Percentual","CP","Capitais de UF e Distrito Federal","fx_etaria","Faixa etária"
201612,nan,"None","None",nan,"None","None",nan,nan,9.74,"2016-12-01 12:00:00","2025-10-15 21:09:26","Percentual","CP","Capitais de UF e Distrito Federal","fx_etaria","Faixa etária"
201712,nan,"None","None",nan,"None","None",nan,nan,8.7,"2017-12-01 12:00:00","2025-10-15 21:09:26","Percentual","CP","Capitais de UF e Distrito Federal","fx_etaria","Faixa etária"
201812,nan,"None","None",nan,"None","None",nan,nan,8.68,"2018-12-01 12:00:00","2025-10-15 21:09:26","Percentual","CP","Capitais de UF e Distrito Federal","fx_etaria","Faixa etária"
201912,nan,"None","None",nan,"None","None",nan,nan,8.66,"2019-12-01 12:00:00","2025-10-15 21:09:26","Percentual","CP","Capitais de UF e Distrito Federal","fx_etaria","Faixa etária"
202212,nan,"None","None",nan,"None","None",nan,nan,8.42,"2022-12-01 12:00:00","2025-10-15 21:09:26","Percentual","CP","Capitais de UF e Distrito Federal","fx_etaria","Faixa etária"
202312,nan,"None","None",nan,"None","None",nan,nan,8.04,"2023-12-01 12:00:00","2025-10-15 21:09:26","Percentual","CP","Capitais de UF e Distrito Federal","fx_etaria","Faixa etária"
202412,nan,"None","None",nan,"None","None",nan,nan,7.63,"2024-12-01 12:00:00","2025-10-15 21:09:26","Percentual","CP","Capitais de UF e Distrito Federal","fx_etaria","Faixa etária"
201612,nan,"None","None",nan,"None","None",nan,nan,30.58,"2016-12-01 12:00:00","2025-10-15 21:09:26","Percentual","CP","Capitais de UF e Distrito Federal","fx_rdpc","Renda per capta"
201712,nan,"None","None",nan,"None","None",nan,nan,6.13,"2017-12-01 12:00:00","2025-10-15 21:09:26","Percentual","CP","Capitais de UF e Distrito Federal","cor_raca","Raça/cor"
201812,nan,"None","None",nan,"None","None",nan,nan,1.04,"2018-12-01 12:00:00","2025-10-15 21:09:26","Percentual","CP","Capitais de UF e Distrito Federal","tipoarea","Tipo de área"
201912,nan,"None","None",nan,"None","None",nan,nan,8.75,"2019-12-01 12:00:00","2025-10-15 21:09:26","Percentual","CP","Capitais de UF e Distrito Federal","sexo","Sexo"
202212,nan,"None","None",nan,"None","None",nan,nan,12.46,"2022-12-01 12:00:00","2025-10-15 21:09:26","Percentual","CP","Capitais de UF e Distrito Federal","cor_raca","Raça/cor"
202312,nan,"None","None",nan,"None","None",nan,nan,7.79,"2023-12-01 12:00:00","2025-10-15 21:09:26","Percentual","CP","Capitais de UF e Distrito Federal","fx_rdpc","Renda per capta"
202412,nan,"None","None",nan,"None","None",nan,nan,12.95,"2024-12-01 12:00:00","2025-10-15 21:09:26","Percentual","CP","Capitais de UF e Distrito Federal","fx_rdpc","Renda per capta"
201612,nan,"None","None",nan,"None","None",nan,nan,1.73,"2016-12-01 12:00:00","2025-10-15 21:09:26","Percentual","CP","Capitais de UF e Distrito Federal","fx_rdpc","Renda per capta"
201712,nan,"None","None",nan,"None","None",nan,nan,0.89,"2017-12-01 12:00:00","2025-10-15 21:09:26","Percentual","CP","Capitais de UF e Distrito Federal","fx_rdpc","Renda per capta"
201812,nan,"None","None",nan,"None","None",nan,nan,10.52,"2018-12-01 12:00:00","2025-10-15 21:09:26","Percentual","CP","Capitais de UF e Distrito Federal","sexo","Sexo"
201912,nan,"None","None",nan,"None","None",nan,nan,12.92,"2019-12-01 12:00:00","2025-10-15 21:09:26","Percentual","CP","Capitais de UF e Distrito Federal","cor_raca","Raça/cor"
202212,nan,"None","None",nan,"None","None",nan,nan,7.59,"2022-12-01 12:00:00","2025-10-15 21:09:26","Percentual","CP","Capitais de UF e Distrito Federal","cor_raca","Raça/cor"
202312,nan,"None","None",nan,"None","None",nan,nan,12.58,"2023-12-01 12:00:00","2025-10-15 21:09:26","Percentual","CP","Capitais de UF e Distrito Federal","tipoarea","Tipo de área"
202412,nan,"None","None",nan,"None","None",nan,nan,8.59,"2024-12-01 12:00:00","2025-10-15 21:09:26","Percentual","CP","Capitais de UF e Distrito Federal","tipoarea","Tipo de área"
201612,nan,"None","None",nan,"None","None",nan,nan,62.25,"2016-12-01 12:00:00","2025-10-15 21:09:26","Percentual","CP","Capitais de UF e Distrito Federal","sitdom","Situação do domicílio"
201712,nan,"None","None",nan,"None","None",nan,nan,1.34,"2017-12-01 12:00:00","2025-10-15 21:09:26","Percentual","CP","Capitais de UF e Distrito Federal","sitdom","Situação do domicílio"
201612,16.0,"AP","Amapá",1.0,"Norte","N ",10.5,22.15,10.51,"2016-12-01 12:00:00","2025-10-15 21:09:26","Percentual","CP","Capitais de UF e Distrito Federal","TC","Todas as categorias"
201612,27.0,"AL","Alagoas",2.0,"Nordeste","NE",16.38,21.09,10.51,"2016-12-01 12:00:00","2025-10-15 21:09:26","Percentual","CP","Capitais de UF e Distrito Federal","TC","Todas as categorias"
201612,42.0,"SC","Santa Catarina",4.0,"Sul","S ",4.9,5.84,10.51,"2016-12-01 12:00:00","2025-10-15 21:09:26","Percentual","CP","Capitais de UF e Distrito Federal","TC","Todas as categorias"
201712,13.0,"AM","Amazonas",1.0,"Norte","N ",18.77,21.04,10.0,"2017-12-01 12:00:00","2025-10-15 21:09:26","Percentual","CP","Capitais de UF e Distrito Federal","TC","Todas as categorias"
201712,24.0,"RN","Rio Grande do Norte",2.0,"Nordeste","NE",11.97,19.84,10.0,"2017-12-01 12:00:00","2025-10-15 21:09:26","Percentual","CP","Capitais de UF e Distrito Federal","TC","Todas as categorias"
201712,33.0,"RJ","Rio de Janeiro",3.0,"Sudeste","SE",1.48,3.46,10.0,"2017-12-01 12:00:00","2025-10-15 21:09:26","Percentual","CP","Capitais de UF e Distrito Federal","TC","Todas as categorias"
201812,21.0,"MA","Maranhão",2.0,"Nordeste","NE",32.78,18.83,9.72,"2018-12-01 12:00:00","2025-10-15 21:09:26","Percentual","CP","Capitais de UF e Distrito Federal","TC","Todas as categorias"
201812,29.0,"BA","Bahia",2.0,"Nordeste","NE",16.93,18.83,9.72,"2018-12-01 12:00:00","2025-10-15 21:09:26","Percentual","CP","Capitais de UF e Distrito Federal","TC","Todas as categorias"
201712,31.0,"MG","Minas Gerais",3.0,"Sudeste","SE",8.95,3.46,10.0,"2017-12-01 12:00:00","2025-10-15 21:09:26","Percentual","CP","Capitais de UF e Distrito Federal","TC","Todas as categorias"
201712,51.0,"MT","Mato Grosso",5.0,"Centro-Oeste","CO",12.35,7.39,10.0,"2017-12-01 12:00:00","2025-10-15 21:09:26","Percentual","CP","Capitais de UF e Distrito Federal","TC","Todas as categorias"
202012,12.0,"AC","Acre",1.0,"Norte","N ",0.0,0.0,0.0,"2020-12-01 12:00:00","2025-10-15 21:09:26","Percentual","CP","Capitais de UF e Distrito Federal","TC","Todas as categorias"
202012,23.0,"CE","Ceará",2.0,"Nordeste","NE",0.0,0.0,0.0,"2020-12-01 12:00:00","2025-10-15 21:09:26","Percentual","CP","Capitais de UF e Distrito Federal","TC","Todas as categorias"
201812,27.0,"AL","Alagoas",2.0,"Nordeste","NE",14.56,18.83,9.72,"2018-12-01 12:00:00","2025-10-15 21:09:26","Percentual","CP","Capitais de UF e Distrito Federal","TC","Todas as categorias"
201812,42.0,"SC","Santa Catarina",4.0,"Sul","S ",4.58,5.7,9.72,"2018-12-01 12:00:00","2025-10-15 21:09:26","Percentual","CP","Capitais de UF e Distrito Federal","TC","Todas as categorias"
202112,28.0,"SE","Sergipe",2.0,"Nordeste","NE",0.0,0.0,0.0,"2021-12-01 12:00:00","2025-10-15 21:09:26","Percentual","CP","Capitais de UF e Distrito Federal","TC","Todas as categorias"
201912,13.0,"AM","Amazonas",1.0,"Norte","N ",19.06,21.62,9.45,"2019-12-01 12:00:00","2025-10-15 21:09:26","Percentual","CP","Capitais de UF e Distrito Federal","TC","Todas as categorias"
201912,24.0,"RN","Rio Grande do Norte",2.0,"Nordeste","NE",10.49,18.48,9.45,"2019-12-01 12:00:00","2025-10-15 21:09:26","Percentual","CP","Capitais de UF e Distrito Federal","TC","Todas as categorias"
201912,33.0,"RJ","Rio de Janeiro",3.0,"Sudeste","SE",0.71,3.06,9.45,"2019-12-01 12:00:00","2025-10-15 21:09:26","Percentual","CP","Capitais de UF e Distrito Federal","TC","Todas as categorias"
201912,53.0,"DF","Distrito Federal",5.0,"Centro-Oeste","CO",1.84,7.19,9.45,"2019-12-01 12:00:00","2025-10-15 21:09:26","Percentual","CP","Capitais de UF e Distrito Federal","TC","Todas as categorias"
202312,31.0,"MG","Minas Gerais",3.0,"Sudeste","SE",6.82,2.63,8.04,"2023-12-01 12:00:00","2025-10-15 21:09:26","Percentual","CP","Capitais de UF e Distrito Federal","TC","Todas as categorias"
202312,51.0,"MT","Mato Grosso",5.0,"Centro-Oeste","CO",9.47,5.41,8.04,"2023-12-01 12:00:00","2025-10-15 21:09:26","Percentual","CP","Capitais de UF e Distrito Federal","TC","Todas as categorias"
202012,29.0,"BA","Bahia",2.0,"Nordeste","NE",0.0,0.0,0.0,"2020-12-01 12:00:00","2025-10-15 21:09:26","Percentual","CP","Capitais de UF e Distrito Federal","TC","Todas as categorias"
202012,50.0,"MS","Mato Grosso do Sul",5.0,"Centro-Oeste","CO",0.0,0.0,0.0,"2020-12-01 12:00:00","2025-10-15 21:09:26","Percentual","CP","Capitais de UF e Distrito Federal","TC","Todas as categorias"
201712,nan,"None","None",nan,"None","None",nan,nan,7.98,"2017-12-01 12:00:00","2025-10-15 21:09:26","Percentual","CP","Capitais de UF e Distrito Federal","fx_rdpc","Renda per capta"
201812,nan,"None","None",nan,"None","None",nan,nan,14.37,"2018-12-01 12:00:00","2025-10-15 21:09:26","Percentual","CP","Capitais de UF e Distrito Federal","fx_rdpc","Renda per capta"
201912,nan,"None","None",nan,"None","None",nan,nan,3.77,"2019-12-01 12:00:00","2025-10-15 21:09:26","Percentual","CP","Capitais de UF e Distrito Federal","fx_rdpc","Renda per capta"
202212,nan,"None","None",nan,"None","None",nan,nan,1.96,"2022-12-01 12:00:00","2025-10-15 21:09:26","Percentual","CP","Capitais de UF e Distrito Federal","fx_rdpc","Renda per capta"
202312,nan,"None","None",nan,"None","None",nan,nan,0.85,"2023-12-01 12:00:00","2025-10-15 21:09:26","Percentual","CP","Capitais de UF e Distrito Federal","fx_rdpc","Renda per capta"
202412,nan,"None","None",nan,"None","None",nan,nan,7.99,"2024-12-01 12:00:00","2025-10-15 21:09:26","Percentual","CP","Capitais de UF e Distrito Federal","sexo","Sexo"
201612,nan,"None","None",nan,"None","None",nan,nan,10.35,"2016-12-01 12:00:00","2025-10-15 21:09:26","Percentual","CP","Capitais de UF e Distrito Federal","cor_raca","Raça/cor"
201712,nan,"None","None",nan,"None","None",nan,nan,15.44,"2017-12-01 12:00:00","2025-10-15 21:09:26","Percentual","CP","Capitais de UF e Distrito Federal","tipoarea","Tipo de área"
201812,nan,"None","None",nan,"None","None",nan,nan,11.03,"2018-12-01 12:00:00","2025-10-15 21:09:26","Percentual","CP","Capitais de UF e Distrito Federal","tipoarea","Tipo de área"
201912,nan,"None","None",nan,"None","None",nan,nan,2.64,"2019-12-01 12:00:00","2025-10-15 21:09:26","Percentual","CP","Capitais de UF e Distrito Federal","tipoarea","Tipo de área"
202212,nan,"None","None",nan,"None","None",nan,nan,57.98,"2022-12-01 12:00:00","2025-10-15 21:09:26","Percentual","CP","Capitais de UF e Distrito Federal","sitdom","Situação do domicílio"
202312,nan,"None","None",nan,"None","None",nan,nan,0.82,"2023-12-01 12:00:00","2025-10-15 21:09:26","Percentual","CP","Capitais de UF e Distrito Federal","sitdom","Situação do domicílio"
202112,15.0,"PA","Pará",1.0,"Norte","N ",0.0,0.0,0.0,"2021-12-01 12:00:00","2025-10-15 21:09:26","Percentual","CP","Capitais de UF e Distrito Federal","TC","Todas as categorias"
202112,26.0,"PE","Pernambuco",2.0,"Nordeste","NE",0.0,0.0,0.0,"2021-12-01 12:00:00","2025-10-15 21:09:26","Percentual","CP","Capitais de UF e Distrito Federal","TC","Todas as categorias"
202112,41.0,"PR","Paraná",4.0,"Sul","S ",0.0,0.0,0.0,"2021-12-01 12:00:00","2025-10-15 21:09:26","Percentual","CP","Capitais de UF e Distrito Federal","TC","Todas as categorias"
202212,12.0,"AC","Acre",1.0,"Norte","N ",19.02,18.87,8.42,"2022-12-01 12:00:00","2025-10-15 21:09:26","Percentual","CP","Capitais de UF e Distrito Federal","TC","Todas as categorias"
202212,23.0,"CE","Ceará",2.0,"Nordeste","NE",14.2,16.4,8.42,"2022-12-01 12:00:00","2025-10-15 21:09:26","Percentual","CP","Capitais de UF e Distrito Federal","TC","Todas as categorias"
202212,32.0,"ES","Espírito Santo",3.0,"Sudeste","SE",6.39,2.82,8.42,"2022-12-01 12:00:00","2025-10-15 21:09:26","Percentual","CP","Capitais de UF e Distrito Federal","TC","Todas as categorias"
202212,52.0,"GO","Goiás",5.0,"Centro-Oeste","CO",4.64,5.69,8.42,"2022-12-01 12:00:00","2025-10-15 21:09:26","Percentual","CP","Capitais de UF e Distrito Federal","TC","Todas as categorias"
202312,17.0,"TO","Tocantins",1.0,"Norte","N ",11.93,17.96,8.04,"2023-12-01 12:00:00","2025-10-15 21:09:26","Percentual","CP","Capitais de UF e Distrito Federal","TC","Todas as categorias"
202312,28.0,"SE","Sergipe",2.0,"Nordeste","NE",7.48,16.21,8.04,"2023-12-01 12:00:00","2025-10-15 21:09:26","Percentual","CP","Capitais de UF e Distrito Federal","TC","Todas as categorias"
202312,43.0,"RS","Rio Grande do Sul",4.0,"Sul","S ",3.61,4.12,8.04,"2023-12-01 12:00:00","2025-10-15 21:09:26","Percentual","CP","Capitais de UF e Distrito Federal","TC","Todas as categorias"
202412,14.0,"RR","Roraima",1.0,"Norte","N ",10.82,17.06,7.44,"2024-12-01 12:00:00","2025-10-15 21:09:26","Percentual","CP","Capitais de UF e Distrito Federal","TC","Todas as categorias"
202412,25.0,"PB","Paraíba",2.0,"Nordeste","NE",17.01,15.02,7.44,"2024-12-01 12:00:00","2025-10-15 21:09:26","Percentual","CP","Capitais de UF e Distrito Federal","TC","Todas as categorias"
202412,35.0,"SP","São Paulo",3.0,"Sudeste","SE",0.8,2.31,7.44,"2024-12-01 12:00:00","2025-10-15 21:09:26","Percentual","CP","Capitais de UF e Distrito Federal","TC","Todas as categorias"
201612,nan,"None","None",nan,"None","None",nan,nan,12.67,"2016-12-01 12:00:00","2025-10-15 21:09:26","Percentual","CP","Capitais de UF e Distrito Federal","fx_etaria","Faixa etária"
201712,nan,"None","None",nan,"None","None",nan,nan,12.36,"2017-12-01 12:00:00","2025-10-15 21:09:26","Percentual","CP","Capitais de UF e Distrito Federal","fx_etaria","Faixa etária"
201812,nan,"None","None",nan,"None","None",nan,nan,9.08,"2018-12-01 12:00:00","2025-10-15 21:09:26","Percentual","CP","Capitais de UF e Distrito Federal","fx_etaria","Faixa etária"
201912,nan,"None","None",nan,"None","None",nan,nan,8.25,"2019-12-01 12:00:00","2025-10-15 21:09:26","Percentual","CP","Capitais de UF e Distrito Federal","fx_etaria","Faixa etária"
202212,nan,"None","None",nan,"None","None",nan,nan,8.0,"2022-12-01 12:00:00","2025-10-15 21:09:26","Percentual","CP","Capitais de UF e Distrito Federal","fx_etaria","Faixa etária"
202312,nan,"None","None",nan,"None","None",nan,nan,7.84,"2023-12-01 12:00:00","2025-10-15 21:09:26","Percentual","CP","Capitais de UF e Distrito Federal","fx_etaria","Faixa etária"
202412,nan,"None","None",nan,"None","None",nan,nan,7.38,"2024-12-01 12:00:00","2025-10-15 21:09:26","Percentual","CP","Capitais de UF e Distrito Federal","fx_etaria","Faixa etária"
201612,nan,"None","None",nan,"None","None",nan,nan,9.71,"2016-12-01 12:00:00","2025-10-15 21:09:26","Percentual","CP","Capitais de UF e Distrito Federal","fx_etaria","Faixa etária"
201712,nan,"None","None",nan,"None","None",nan,nan,3.66,"2017-12-01 12:00:00","2025-10-15 21:09:26","Percentual","CP","Capitais de UF e Distrito Federal","cor_raca","Raça/cor"
201812,nan,"None","None",nan,"None","None",nan,nan,27.57,"2018-12-01 12:00:00","2025-10-15 21:09:26","Percentual","CP","Capitais de UF e Distrito Federal","fx_rdpc","Renda per capta"
201912,nan,"None","None",nan,"None","None",nan,nan,5.73,"2019-12-01 12:00:00","2025-10-15 21:09:26","Percentual","CP","Capitais de UF e Distrito Federal","cor_raca","Raça/cor"
202212,nan,"None","None",nan,"None","None",nan,nan,0.46,"2022-12-01 12:00:00","2025-10-15 21:09:26","Percentual","CP","Capitais de UF e Distrito Federal","tipoarea","Tipo de área"
202312,nan,"None","None",nan,"None","None",nan,nan,7.47,"2023-12-01 12:00:00","2025-10-15 21:09:26","Percentual","CP","Capitais de UF e Distrito Federal","sexo","Sexo"
202412,nan,"None","None",nan,"None","None",nan,nan,12.93,"2024-12-01 12:00:00","2025-10-15 21:09:26","Percentual","CP","Capitais de UF e Distrito Federal","cor_raca","Raça/cor"
201612,nan,"None","None",nan,"None","None",nan,nan,15.57,"2016-12-01 12:00:00","2025-10-15 21:09:26","Percentual","CP","Capitais de UF e Distrito Federal","fx_rdpc","Renda per capta"
201712,nan,"None","None",nan,"None","None",nan,nan,4.08,"2017-12-01 12:00:00","2025-10-15 21:09:26","Percentual","CP","Capitais de UF e Distrito Federal","fx_rdpc","Renda per capta"
201812,nan,"None","None",nan,"None","None",nan,nan,2.07,"2018-12-01 12:00:00","2025-10-15 21:09:26","Percentual","CP","Capitais de UF e Distrito Federal","fx_rdpc","Renda per capta"
201912,nan,"None","None",nan,"None","None",nan,nan,0.74,"2019-12-01 12:00:00","2025-10-15 21:09:26","Percentual","CP","Capitais de UF e Distrito Federal","fx_rdpc","Renda per capta"
202212,nan,"None","None",nan,"None","None",nan,nan,9.14,"2022-12-01 12:00:00","2025-10-15 21:09:26","Percentual","CP","Capitais de UF e Distrito Federal","sexo","Sexo"
202312,nan,"None","None",nan,"None","None",nan,nan,10.94,"2023-12-01 12:00:00","2025-10-15 21:09:26","Percentual","CP","Capitais de UF e Distrito Federal","cor_raca","Raça/cor"
202412,nan,"None","None",nan,"None","None",nan,nan,7.43,"2024-12-01 12:00:00","2025-10-15 21:09:26","Percentual","CP","Capitais de UF e Distrito Federal","cor_raca","Raça/cor"
201612,nan,"None","None",nan,"None","None",nan,nan,10.49,"2016-12-01 12:00:00","2025-10-15 21:09:26","Percentual","CP","Capitais de UF e Distrito Federal","tipoarea","Tipo de área"
201712,nan,"None","None",nan,"None","None",nan,nan,3.17,"2017-12-01 12:00:00","2025-10-15 21:09:26","Percentual","CP","Capitais de UF e Distrito Federal","tipoarea","Tipo de área"
201812,nan,"None","None",nan,"None","None",nan,nan,59.57,"2018-12-01 12:00:00","2025-10-15 21:09:26","Percentual","CP","Capitais de UF e Distrito Federal","sitdom","Situação do domicílio"
201912,nan,"None","None",nan,"None","None",nan,nan,1.05,"2019-12-01 12:00:00","2025-10-15 21:09:26","Percentual","CP","Capitais de UF e Distrito Federal","sitdom","Situação do domicílio"
